Id,Code,Name,Level,HP,Str,Int,Vit,Dex,Agi,Luk,AtkMin,AtkMax,Range,Def,MDef,Exp,JExp,ScanDist,ChaseDist,Size,Race,Element,RechargeTime,HitTime,AttackTime,MoveSpeed,Special,MonsterAi,SpriteAttackTiming,ClientSprite,ClientOffset,ClientShadow,ClientSize
4000,PORING,Poring,1,34,1,1,1,1,1,1,6,7,1,0,0,5,6,10,12,Medium,Plant,Water1,1872,480,672,400,Normal,AiPassive,300,poring.spr,0,0.5,1
4001,FABRE,Fabre,2,35,1,1,1,2,2,1,10,11,1,0,0,6,7,10,12,Small,Insect,Earth1,1672,480,672,400,Normal,AiPassive,200,fabre.spr,0,0.5,1
4002,LUNATIC,Lunatic,3,65,3,3,3,3,3,3,12,15,1,2,2,9,8,10,12,Small,Beast,Neutral3,1456,336,456,200,Normal,AiPassive,275,lunatic.spr,0,0.5,1
4003,PUPA,Pupa,4,238,2,5,5,1,1,1,1,1,0,8,7,12,13,10,12,Small,Insect,Earth1,1001,1,1,-1,Normal,AiPlant,1,pupa.spr,0,-1,1
4004,CREAMY,Creamy,16,199,10,11,10,15,17,9,44,53,1,6,5,120,141,10,12,Small,Insect,Wind1,1136,840,720,150,Normal,AiPassive,450,creamy.spr,0,0.5,1
4005,ROCKER,Rocker,9,120,6,6,6,9,10,5,27,33,1,4,3,36,40,10,12,Medium,Insect,Earth1,1864,540,864,200,Normal,AiPassive,600,rocker.spr,0,0.5,1
4006,POPORING,Poporing,14,266,8,12,13,9,9,11,34,41,1,6,5,90,87,10,12,Medium,Plant,Poison1,1672,480,672,300,Normal,AiPassive,300,poporing.spr,0,0.5,1
4007,THIEF_BUG,Thief Bug,6,85,4,4,4,6,6,3,18,22,1,3,2,16,19,10,12,Small,Insect,Neutral3,1288,768,288,150,Normal,AiAssist,500,thief_bug.spr,0,0.5,1
4008,THIEF_BUG_EGG,Thief Bug Egg,5,73,4,4,4,6,6,3,18,22,0,2,1,11,14,10,12,Small,Insect,Dark1,701,1,1,-1,Normal,AiPlant,1,thief_bug_egg.spr,0,-1,1
4009,HORNET,Hornet,8,106,5,6,5,8,9,5,25,30,1,3,2,29,32,10,12,Small,Insect,Wind1,1292,216,792,150,Normal,AiAssist,600,hornet.spr,0,0.5,1
4010,GREEN_PLANT,Green Plant,1,10,1,2,10,1,1,1,1,1,1,999,999,0,0,7,12,Small,Plant,Earth1,1,1,1,-1,Normal,AiPlant,1,green_plant.spr,0,-1,1
4011,BLACK_MUSHROOM,Black Mushroom,1,10,1,2,10,1,1,1,1,1,1,999,999,0,0,7,12,Small,Plant,Earth1,1,1,1,-1,Normal,AiPlant,1,black_mushroom.spr,0,-1,1
4012,DROPS,Drops,3,74,2,3,3,2,2,3,10,13,1,1,1,7,7,10,12,Medium,Plant,Fire1,1372,480,672,400,Normal,AiPassive,300,drops.spr,0,0.5,1
4013,BLUE_PLANT,Blue Plant,1,10,1,2,10,1,1,1,1,1,1,999,999,0,0,7,12,Small,Plant,Earth1,1,1,1,-1,Normal,AiPlant,1,blue_plant.spr,0,-1,1
4014,FARMILIAR,Familiar,8,136,7,7,3,7,7,2,24,29,1,2,2,30,25,10,12,Small,Beast,Dark1,1276,384,576,150,Normal,AiAggressive,375,farmiliar.spr,0,0.5,1
4015,TAROU,Tarou,11,179,9,9,9,9,9,9,31,38,1,4,4,62,61,10,12,Small,Beast,Dark1,1744,684,1044,150,Normal,AiPassive,259,tarou.spr,0,0.5,1
4016,VOCAL,Vocal,19,4847,18,18,19,26,28,15,106,129,1,10,7,3119,2942,10,12,Medium,Insect,Earth1,1080,480,648,200,Normal,AiAggressive,600,rocker.spr,0,0.5,1.5
4017,SHINING_PLANT,Shining Plant,1,15,1,3,10,1,1,1,1,1,1,999,999,0,0,7,12,Small,Plant,Holy1,1,1,1,-1,Normal,AiPlant,1,shining_plant.spr,0,-1,1
4018,MANDRAGORA,Mandragora,12,208,6,9,11,9,4,9,24,29,4,6,4,53,49,10,12,Medium,Plant,Earth3,1768,576,768,-1,Normal,AiAggressiveImmobile,400,mandragora.spr,0,-1,1
4019,ECLIPSE,Eclipse,20,6936,23,23,23,23,23,23,124,151,1,9,9,3806,3128,10,12,Medium,Beast,Neutral3,1456,336,456,200,Boss,AiAggressive,275,eclipse.spr,0,0.5,1
4020,YOYO,Yoyo,21,364,17,11,13,16,18,16,64,79,1,8,7,239,227,10,12,Small,Beast,Earth1,1054,384,54,200,Normal,AiAssist,375,yoyo.spr,0,0.5,1
4021,SMOKIE,Smokie,18,287,15,14,15,14,14,14,47,58,1,7,6,169,175,10,12,Small,Beast,Earth1,1576,420,576,200,Normal,AiPassive,450,smokie.spr,0,0.5,1
4022,CHOCO,Choco,43,5163,54,20,38,37,46,33,328,401,1,13,13,4945,3264,10,12,Small,Beast,Fire1,1500,1000,500,200,Normal,AiAggressive,375,choco.spr,0,0.5,1
4023,SAVAGE_BABE,Savage Babe,7,123,6,5,6,5,5,5,21,26,1,3,2,24,24,10,12,Small,Beast,Earth1,1624,576,624,400,Normal,AiPassive,325,savage_babe.spr,0,0.25,1
4024,DESERT_WOLF_B,Baby Desert Wolf,9,146,8,8,7,8,8,8,26,31,1,3,3,38,40,10,12,Small,Beast,Fire1,1600,240,900,300,Normal,AiAssist,259,desert_wolf_b.spr,0,0.35,1
4025,PECOPECO_EGG,Peco Peco Egg,10,501,4,13,16,1,4,1,2,3,0,16,16,46,59,10,12,Small,Formless,Neutral3,1001,1,1,-1,Normal,AiPlant,1,peco_egg.spr,0,-1,1
4026,PECOPECO,Peco Peco,19,291,16,16,15,16,16,16,51,62,1,6,6,190,198,10,12,Large,Beast,Fire1,1564,576,864,200,Normal,AiAssist,500,pecopeco.spr,0,0.5,1
4027,CONDOR,Condor,5,91,4,5,4,4,5,5,17,20,1,2,2,13,13,10,12,Medium,Beast,Wind1,1148,480,648,150,Normal,AiAssist,375,condor.spr,0,0.5,1
4028,PICKY,Picky,3,62,3,3,2,3,3,3,12,15,1,1,1,9,9,10,12,Small,Beast,Fire1,988,168,288,200,Normal,AiPassive,150,picky.spr,0,0.25,1
4029,PICKY_,Eggshell Picky,4,76,4,4,5,4,4,4,16,19,1,2,2,14,13,10,12,Small,Beast,Fire1,988,168,288,200,Normal,AiPassive,100,picky_.spr,0,0.25,1
4030,RED_MUSHROOM,Red Mushroom,1,10,1,2,10,1,1,1,1,1,1,999,999,0,0,7,12,Small,Plant,Earth1,1,1,1,-1,Normal,AiPlant,1,red_mushroom.spr,0,-1,1
4031,GOBLIN_1,Dagger Goblin,25,421,20,21,20,20,34,21,81,100,1,9,9,401,377,10,12,Medium,Demihuman,Wind1,1120,240,620,100,Normal,AiAggressive,400,goblin_1.spr,0,0.5,1
4032,GOBLIN_2,Flail Goblin,24,359,20,20,19,32,20,20,59,88,1,8,8,357,325,10,12,Medium,Demihuman,Fire1,1320,240,620,150,Normal,AiAggressive,400,goblin_2.spr,0,0.5,1
4033,GOBLIN_3,Axe Goblin,24,408,20,20,20,14,20,19,100,123,1,9,8,360,328,10,12,Medium,Demihuman,Poison1,1624,240,624,250,Normal,AiAggressive,400,goblin_3.spr,0,0.5,1
4034,GOBLIN_4,Hammer Goblin,23,558,19,18,31,20,18,18,55,68,1,9,9,353,315,10,12,Medium,Demihuman,Earth1,1624,240,624,200,Normal,AiAggressive,400,goblin_4.spr,0,0.5,1
4035,GOBLIN_5,Mace Goblin,22,419,19,20,20,19,19,20,72,88,1,8,8,312,291,10,12,Medium,Demihuman,Water1,3074,480,1874,300,Normal,AiAggressive,400,goblin_5.spr,0,0.5,1
4036,GOBLIN_ARCHER,Goblin Archer,24,346,19,20,20,24,16,19,57,70,9,8,7,249,249,10,12,Small,Demihuman,Poison1,1172,420,672,200,Normal,AiAggressive,550,goblin_archer.spr,0,0.5,1
4037,PANZER_GOBLIN,Panzer Goblin,34,2531,32,35,32,32,35,34,206,251,1,14,14,2651,2337,10,12,Medium,Demihuman,Wind2,960,840,1008,200,Normal,AiAggressive,900,panzer_goblin.spr,0,0.5,1
4038,STEAM_GOBLIN,Steamrider Goblin,35,746,28,30,28,28,30,29,131,160,1,12,12,756,748,10,12,Medium,Demihuman,Wind2,1008,528,1008,200,Normal,AiAggressive,333,steam_goblin.spr,0,0.5,1
4039,ROTAR_ZAIRO,Rotor Gyro,25,353,19,22,20,24,17,21,60,73,10,8,8,270,292,10,12,Large,Formless,Wind2,2416,432,2016,155,Normal,AiPassive,1000,rotar_zairo.spr,0,0.5,1
4040,GOBLIN_LEADER,Goblin Leader,38,16623,42,44,42,42,44,43,277,338,1,16,16,15571,12748,10,12,Medium,Demihuman,Wind1,1120,240,620,120,Normal,AiAggressive,700,goblin_leader.spr,0,0.5,1
4041,YELLOW_PLANT,Yellow Plant,1,10,1,2,10,1,1,1,1,1,1,999,999,0,0,7,12,Small,Plant,Earth1,1,1,1,-1,Normal,AiPlant,1,yellow_plant.spr,0,-1,1
4042,SAVAGE,Savage,26,460,21,20,21,20,20,20,78,95,1,9,8,380,396,10,12,Large,Beast,Earth2,1960,384,960,150,Normal,AiPassive,200,savage.spr,0,0.5,1
4043,WILOW,Willow,4,95,2,3,4,3,3,3,12,15,1,2,2,9,9,10,12,Medium,Plant,Earth1,1672,432,672,200,Normal,AiPassive,300,wilow.spr,0,0.5,1
4044,SPORE,Spore,16,307,8,13,14,10,10,13,37,46,1,7,7,115,121,10,12,Medium,Plant,Water1,1872,288,672,200,Normal,AiPassive,550,spore.spr,0,0.5,1
4045,SNAKE,Snake,15,241,13,12,13,12,12,12,40,49,1,6,5,119,113,10,12,Medium,Beast,Earth1,1576,576,576,200,Normal,AiPassive,300,snake.spr,0,-1,1
4046,WOLF,Wolf,25,434,21,20,21,20,20,20,74,91,1,9,8,359,342,10,12,Medium,Beast,Earth1,1054,432,504,200,Normal,AiAssist,225,wolf.spr,0,0.5,1
4047,MARIN,Marin,15,293,8,14,15,10,10,13,34,41,1,7,7,102,107,10,12,Medium,Plant,Water2,1872,480,672,400,Normal,AiPassive,300,marin.spr,0,0.5,1
4048,GHOSTRING,Ghostring,33,7871,20,67,18,49,45,22,226,277,1,7,22,10200,10035,10,12,Medium,Demon,Ghost4,1220,648,1080,300,Boss,AiAggressive,350,ghostring.spr,0,0.5,1
4049,MASTERING,Mastering,10,4014,8,13,14,10,10,12,50,61,1,6,6,755,623,10,12,Medium,Plant,Water1,1072,480,672,300,Boss,AiAggressive,300,mastering.spr,0,0.75,1
4050,ANGELING,Angeling,35,20116,40,58,49,49,44,58,342,418,1,15,18,16433,14162,10,12,Medium,Angel,Holy4,1072,672,672,200,Boss,AiAggressive,325,angeling.spr,0,0.5,1
4051,DEVILING,Deviling,46,24333,59,64,48,54,52,51,438,535,1,20,20,28084,21177,10,12,Medium,Demon,Dark4,1072,384,1056,200,Boss,AiAggressive,700,deviling.spr,0,0.5,1
4052,DRAGON_TAIL,Dragon Tail,61,2538,38,44,40,57,67,35,419,512,1,23,18,2470,2889,10,12,Medium,Insect,Wind2,862,312,534,175,Normal,AiAggressive,372,dragon_tail.spr,0,0.5,1
4053,POISON_SPORE,Poison Spore,19,356,11,16,17,12,12,15,45,55,1,8,8,168,171,10,12,Medium,Plant,Poison1,1672,288,672,200,Normal,AiAggressive,550,poison_spore.spr,0,0.5,1
4054,WORM_TAIL,Worm Tail,14,270,8,11,13,9,9,11,34,41,2,6,5,91,88,10,12,Medium,Plant,Earth1,1048,192,48,200,Normal,AiPassive,300,worm_tail.spr,0,0.5,1
4055,ELDER_WILOW,Elder Willow,20,391,11,17,17,13,13,17,58,71,1,7,7,192,200,10,12,Medium,Plant,Fire2,1372,432,672,200,Normal,AiAggressive,300,elder_wilow.spr,0,0.5,1
4056,EGGYRA,Eggyra,24,391,19,22,20,20,20,20,68,83,1,8,9,312,328,10,12,Medium,Formless,Ghost2,1816,288,816,200,Normal,AiPassive,500,eggyra.spr,0,0.5,1
4057,BIGFOOT,Bigfoot,25,434,21,20,21,20,20,20,74,91,1,9,8,359,342,10,12,Large,Beast,Earth1,1260,192,192,300,Normal,AiPassive,870,bigfoot.spr,0,0.5,1
4058,SOHEE,Sohee,33,663,28,33,24,27,26,25,131,160,1,11,11,681,605,10,12,Medium,Demon,Water1,2112,576,912,250,Normal,AiPassive,333,sohee.spr,0,0.5,1
4059,WANDER_MAN,Wanderer,74,15743,39,50,20,92,88,1,785,960,2,10,10,9045,7889,10,12,Medium,Demon,Wind1,672,192,500,100,Normal,AiAggressive,700,wander_man.spr,0,0.5,1
4060,GREATEST_GENERAL,Greatest General,40,1020,33,33,29,33,33,33,180,220,3,13,13,990,1051,10,12,Medium,Formless,Fire2,1152,384,1152,-1,Normal,AiAggressiveImmobile,850,greatest_general.spr,0,-1,1
4061,HORONG,Horong,34,398,28,29,22,28,28,28,145,178,1,153,20,724,726,10,12,Small,Formless,Fire4,1888,828,1152,400,Normal,AiAggressive,575,horong.spr,0,0.5,1
4062,NINE_TAIL,Nine Tail,51,1805,53,29,41,36,41,32,253,310,1,12,12,1979,1704,10,12,Medium,Beast,Fire3,840,480,540,150,Normal,AiAggressive,372,nine_tail.spr,0,0.5,1
4063,EDDGA,Eddga,65,179634,95,95,90,95,95,95,993,1214,1,29,29,258118,254951,10,12,Large,Beast,Fire1,872,432,1344,300,Boss,AiAggressive,425,eddga.spr,0,0.5,1
4064,THIEF_BUG_,Female Thief Bug,10,131,7,7,7,10,11,6,29,36,1,4,3,45,53,10,12,Medium,Insect,Dark1,988,768,288,200,Normal,AiAssist,500,thief_bug_female.spr,0,0.5,1
4065,THIEF_BUG__,Male Thief Bug,19,237,12,13,13,19,20,11,53,64,1,7,6,174,210,10,12,Medium,Insect,Dark1,988,768,288,300,Normal,AiAggressive,525,thief_bug_male.spr,0,0.5,1
4066,GOLDEN_BUG,Golden Thief Bug,35,87782,41,45,79,81,67,37,495,605,1,34,14,74269,78913,10,12,Large,Insect,Fire2,768,480,768,100,Boss,AiPassive,800,golden_bug.spr,0,0.5,1
4067,VAGABOND_WOLF,Vagabond Wolf,38,17136,43,42,44,42,42,42,279,342,1,17,15,15725,12623,10,12,Medium,Beast,Earth1,1048,432,648,150,Boss,AiAggressive,225,vagabond_wolf.spr,0,0.5,1
4068,SCORPION,Scorpion,24,318,16,17,16,24,26,14,77,94,1,9,7,285,344,10,12,Small,Insect,Fire1,1564,576,864,200,Normal,AiAggressive,400,scorpion.spr,0,0.5,1
4069,METALLER,Metaller,22,291,14,15,14,21,23,12,72,89,1,8,6,248,271,10,12,Medium,Insect,Fire1,1708,540,1008,200,Normal,AiAssist,444,metaller.spr,0,0.5,1
4070,MAGNOLIA,Magnolia,26,411,22,26,19,21,20,20,82,101,1,8,8,395,365,10,12,Small,Demon,Water1,1560,360,360,250,Normal,AiPassive,200,magnolia.spr,0,0.5,1
4071,ANDRE,Andre,17,216,11,11,12,16,17,9,48,59,1,6,5,137,161,10,12,Small,Insect,Earth1,1288,384,288,300,Normal,AiAssist,186,andre.spr,0,0.5,1
4072,DENIRO,Deniro,19,240,12,13,13,18,20,11,53,64,1,8,5,176,202,10,12,Small,Insect,Earth1,1288,576,288,150,Normal,AiAssist,150,deniro.spr,0,0.5,1
4073,PIERE,Piere,18,228,12,12,12,17,19,10,50,61,1,8,5,156,180,10,12,Small,Insect,Earth1,1288,576,288,200,Normal,AiAssist,150,piere.spr,0,0.5,1
4074,VITATA,Vitata,20,358,8,19,16,17,12,11,26,31,1,8,6,159,205,10,12,Small,Insect,Earth1,1768,384,768,300,Normal,AiPassive,600,vitata.spr,0,0.5,1
4075,GIEARTH,Giearth,29,507,24,23,24,23,23,23,85,104,1,10,9,498,474,10,12,Small,Demon,Earth1,1848,432,1296,200,Normal,AiPassive,500,giearth.spr,0,0.5,1
4076,MAYA,Maya,81,327448,98,89,109,126,135,75,1734,2119,1,53,28,487299,524341,10,12,Large,Insect,Earth4,364,480,1000,100,Boss,AiAggressive,650,maya.spr,0,0.5,1
4077,MAYA_PUPLE,Maya Puple,81,22921,65,59,72,83,91,50,1206,1475,2,46,24,24723,21499,10,12,Large,Insect,Earth4,1024,480,1000,100,Boss,AiAggressive,650,maya_puple.spr,0,0.5,1
4078,GOLEM,Golem,25,562,25,16,31,18,12,18,81,100,1,13,9,474,511,10,12,Large,Formless,Neutral3,1608,396,816,300,Normal,AiPassive,600,golem.spr,0,1,1
4079,MUKA,Muka,17,325,9,13,15,10,10,13,40,49,1,7,6,136,134,10,12,Large,Plant,Earth1,1960,384,960,300,Normal,AiPassive,496,muka.spr,0,0.5,1
4080,ANT_EGG,Ant Egg,14,679,6,18,21,1,6,1,3,4,0,20,20,96,120,10,12,Small,Formless,Neutral3,1001,1,1,1000,Normal,AiPlant,1,ant_egg.spr,0,-1,1
4081,ANACONDAQ,Anacondaq,23,391,19,19,19,19,19,18,69,84,1,8,7,289,289,10,12,Medium,Beast,Poison1,1576,576,576,200,Normal,AiPassive,300,anacondaq.spr,0,-1,1
4082,FRILLDORA,Frilldora,30,630,25,25,23,25,25,25,117,144,1,10,10,521,531,10,12,Medium,Beast,Fire1,1540,432,720,300,Normal,AiAggressive,333,frilldora.spr,0,0.5,1
4083,DESERT_WOLF,Desert Wolf,27,451,22,22,20,22,22,22,81,100,1,9,9,404,429,10,12,Medium,Beast,Fire1,1120,288,420,200,Normal,AiAggressive,186,desert_wolf.spr,0,0.5,1
4084,SIDE_WINDER,Sidewinder,43,1163,35,35,35,35,35,34,181,222,1,15,14,1182,1135,10,12,Medium,Beast,Poison1,1576,576,576,200,Normal,AiAggressive,300,side_winder.spr,0,-1,1
4085,HODE,Hode,26,460,21,20,21,20,20,20,78,95,1,9,8,399,376,10,12,Medium,Beast,Earth2,1480,720,480,200,Normal,AiPassive,300,hode.spr,0,-1,1
4086,PHREEONI,Phreeoni,69,212619,100,100,100,100,100,100,1049,1282,1,34,34,294576,301940,10,12,Large,Beast,Neutral3,1020,288,1020,200,Boss,AiAggressive,333,phreeoni.spr,0,0.5,1
4087,SAND_MAN,Sandman,34,774,28,26,29,26,26,26,130,159,1,13,10,700,715,10,12,Medium,Formless,Earth3,1672,288,720,250,Normal,AiAggressive,450,sand_man.spr,0,-1,1
4088,STEEL_CHONCHON,Steel Chonchon,17,210,11,12,15,16,18,10,47,58,1,6,5,143,161,10,12,Small,Insect,Wind1,1076,480,576,150,Normal,AiAssist,300,steel_chocho.spr,0,0.25,1
4089,DRAGON_FLY,Dragon Fly,22,5924,19,21,21,29,43,18,140,171,1,11,9,4207,4106,10,12,Small,Insect,Wind1,1076,480,576,100,Boss,AiAggressive,300,dragon_fly.spr,0,0.25,1
4090,HUNTER_FLY,Hunter Fly,42,880,26,30,27,51,46,24,189,232,1,16,13,1075,1207,10,12,Small,Insect,Wind2,676,480,576,150,Normal,AiAggressive,300,hunter_fly.spr,0,0.25,1
4091,CHONCHON,Chonchon,4,43,3,3,3,4,5,2,18,23,1,2,1,10,11,10,12,Small,Insect,Wind1,1076,480,576,200,Normal,AiPassive,300,chocho.spr,0,0.25,1
4092,CARAMEL,Caramel,23,398,19,18,19,18,18,18,69,84,1,8,7,291,294,10,12,Small,Beast,Earth1,1604,756,840,200,Normal,AiPassive,222,caramel.spr,0,0.5,1
4093,HORN,Horn,18,228,12,12,12,17,19,10,50,61,1,8,5,153,183,10,12,Medium,Insect,Earth1,1528,288,528,200,Normal,AiPassive,350,horn.spr,0,0.5,1
4094,STAINER,Stainer,16,199,10,11,10,15,17,9,44,53,1,6,5,124,136,10,12,Small,Insect,Wind1,1688,612,1188,200,Normal,AiPassive,740,stainer.spr,0,0.5,1
4095,PETIT,Earth Petit,44,1521,43,31,40,35,38,35,224,273,1,15,14,1558,1360,10,12,Medium,Dragon,Earth1,1624,384,620,200,Normal,AiAggressive,350,petit.spr,0,0.5,1
4096,PETIT_,Sky Petit,45,1519,43,34,39,36,41,37,226,277,1,16,16,1582,1487,10,12,Medium,Dragon,Wind1,1420,528,1080,150,Normal,AiAggressive,350,petit_.spr,0,0.5,1
4097,FLORA,Flora,26,540,14,20,23,16,16,20,69,84,3,11,10,339,335,10,12,Large,Plant,Earth1,1432,576,432,-1,Normal,AiAggressiveImmobile,185,flora.spr,0,-1,1
4098,MANTIS,Mantis,26,358,16,17,18,24,26,14,81,100,1,10,7,350,395,10,12,Medium,Insect,Earth1,1528,432,660,200,Normal,AiAggressive,350,mantis.spr,0,0.5,1
4099,ARGOS,Argos,25,340,16,17,17,25,27,14,77,94,1,9,7,312,363,10,12,Large,Insect,Poison1,1468,768,468,300,Normal,AiAggressive,222,argos.spr,0,0.5,1
4100,ARGIOPE,Argiope,41,2190,29,30,30,43,47,25,238,291,1,16,13,2089,2388,10,12,Large,Insect,Poison1,1792,336,792,300,Normal,AiAggressive,600,argiope.spr,0,-1,1
4101,MISTRESS,Mistress,74,191308,82,104,82,124,159,81,1305,1595,1,38,31,346708,402108,10,12,Small,Insect,Wind4,1148,300,648,100,Boss,AiAggressive,300,mistress.spr,0,0.5,1
4102,AMBERNITE,Ambernite,13,167,8,9,9,13,14,8,36,44,1,5,4,79,88,10,12,Large,Insect,Water1,2048,648,648,400,Normal,AiPassive,325,ambernite.spr,0,0.5,1
4103,STEM_WORM,Stem Worm,40,1254,22,33,36,26,27,33,153,188,2,16,16,857,902,10,12,Medium,Plant,Wind1,1500,1000,500,200,Normal,AiAggressive,300,stem_worm.spr,0,0.5,1
4104,DUSTINESS,Dustiness,21,278,13,15,13,19,23,12,69,84,1,8,7,222,255,10,12,Small,Insect,Wind2,1004,384,504,150,Normal,AiPassive,259,dustiness.spr,0,0.5,1
4105,COCO,Coco,17,272,14,13,14,13,13,13,45,56,1,6,5,150,155,10,12,Small,Beast,Earth1,1864,1008,864,150,Normal,AiPassive,518,coco.spr,0,0.5,1
4106,RED_PLANT,Red Plant,1,10,1,2,10,1,1,1,1,1,1,999,999,0,0,7,12,Small,Plant,Earth1,1,1,1,-1,Normal,AiPlant,1,red_plant.spr,0,-1,1
4107,RODA_FROG,Roda Frog,5,93,4,5,5,5,5,5,16,19,1,2,2,12,13,10,12,Medium,Aquatic,Water1,2016,288,816,200,Normal,AiPassive,350,roda_frog.spr,0,0.5,1
4108,THARA_FROG,Thara Frog,22,388,17,19,18,18,18,18,64,79,1,8,8,272,269,10,12,Medium,Aquatic,Water2,2016,288,816,200,Normal,AiPassive,350,thara_frog.spr,0,0.5,1
4109,TOAD,Toad,24,8323,27,29,28,28,28,28,140,171,1,11,11,5608,4627,10,12,Medium,Aquatic,Water1,1236,432,336,200,Boss,AiAggressive,175,toad.spr,0,0.5,1
4110,WILD_ROSE,Wild Rose,38,748,30,31,21,30,41,31,124,151,1,10,13,856,802,10,12,Small,Beast,Wind1,964,288,864,100,Normal,AiPassive,868,wild_rose.spr,0,0.5,1
4111,KOBOLD_ARCHER,Kobold Archer,33,591,25,27,25,32,21,27,100,123,9,10,10,509,509,10,12,Small,Demihuman,Fire1,1008,384,1008,200,Normal,AiAggressive,518,kobold_archer.spr,0,0.5,1
4112,KOBOLD_1,Axe Kobold,36,772,28,30,28,28,30,29,134,163,1,13,13,789,813,10,12,Medium,Demihuman,Wind2,1028,360,528,150,Normal,AiAggressive,250,kobold_1.spr,0,0.5,1
4113,KOBOLD_2,Hammer Kobold,31,666,25,25,25,25,25,24,118,145,1,11,10,566,554,10,12,Medium,Demihuman,Poison2,1528,360,528,200,Normal,AiAggressive,250,kobold_2.spr,0,0.5,1
4114,KOBOLD_3,Mace Kobold,31,639,25,25,22,25,25,25,123,150,1,10,10,582,571,10,12,Medium,Demihuman,Fire2,1228,360,528,300,Normal,AiAggressive,250,kobold_3.spr,0,0.5,1
4115,KOBOLD_LEADER,Kobold Leader,65,71853,72,78,71,72,78,75,858,1049,1,28,28,56415,46177,10,12,Medium,Demihuman,Wind2,1028,360,528,150,Normal,AiAggressive,250,kobolt_leader.spr,0,0.5,1
4116,ORK_WARRIOR,Orc Warrior,24,416,20,19,26,19,19,19,79,96,1,9,8,325,335,10,12,Medium,Demihuman,Earth1,1864,288,864,200,Normal,AiAggressive,600,ork_warrior.spr,0,0.5,1
4117,ORC_LORD,Orc Lord,74,274010,113,97,154,97,97,97,1850,2261,1,43,28,380424,376749,10,12,Large,Demihuman,Earth4,1248,360,500,100,Boss,AiAggressive,650,orc_lord.spr,0,0.5,1
4118,ORC_LADY,Orc Lady,31,692,25,24,28,24,24,24,119,146,1,12,9,565,577,10,12,Medium,Demihuman,Earth2,1050,288,900,200,Normal,AiAggressive,558,orc_lady.spr,0,0.5,1
4119,ORC_BABY,Orc Baby,21,910,18,18,19,18,18,18,84,103,1,9,8,507,519,10,12,Small,Demihuman,Earth1,672,288,864,200,Normal,AiAggressive,525,orc_baby.spr,0,0.5,1
4120,ORK_HERO,Orc Hero,77,291408,113,106,139,106,106,106,1295,1582,1,40,32,404183,396410,10,12,Large,Demihuman,Earth2,1678,648,780,150,Boss,AiAggressive,496,ork_hero.spr,0,0.5,1
4121,ORC_ARCHER,Orc Archer,49,1197,38,39,44,46,31,39,162,199,9,15,14,1254,1266,10,12,Medium,Demihuman,Earth1,1960,480,620,300,Normal,AiAggressive,900,orc_archer.spr,0,0.5,1
4122,HIGH_ORC,High Orc,52,3662,55,47,54,46,46,32,387,474,1,18,18,5029,4050,10,12,Large,Demihuman,Fire2,1500,1000,500,150,Normal,AiAggressive,200,high_orc.spr,0,0.5,1
4123,ORC_SKELETON,Orc Skeleton,28,776,17,10,12,21,20,1,89,108,1,2,2,290,305,10,12,Medium,Undead,Undead1,2420,648,720,200,Normal,AiAggressive,300,orc_skeleton.spr,0,0.5,1
4124,ORC_ZOMBIE,Orc Zombie,24,599,14,10,12,20,18,1,61,74,1,4,4,202,204,10,12,Medium,Undead,Undead1,2852,840,1152,400,Normal,AiAggressive,800,orc_zombie.spr,0,0.5,1
4125,ZENORC,Zenorc,31,1220,17,22,12,22,22,1,100,123,1,5,6,433,429,10,12,Medium,Demihuman,Dark1,1180,360,480,150,Normal,AiPassive,300,zenorc.spr,0,0.5,1
4126,DRAINLIAR,Drainliar,24,416,20,20,10,22,22,8,72,89,1,7,7,325,262,10,12,Small,Beast,Dark2,1276,384,576,250,Normal,AiAggressive,300,drainliar.spr,0,0.5,1
4127,MUMMY,Mummy,37,1253,21,27,21,30,27,1,121,148,1,8,8,573,637,10,12,Medium,Undead,Undead2,1772,384,72,300,Normal,AiAggressive,300,mummy.spr,0,0.5,1
4128,ISIS,Isis,47,1206,42,45,34,39,37,36,216,265,1,15,15,1567,1352,10,12,Large,Demon,Dark1,1384,336,768,200,Normal,AiAggressive,500,isis.spr,0.4,0.5,1
4129,SOLDIER_SKELETON,Soldier Skeleton,29,732,16,21,16,24,21,1,76,93,1,6,6,345,350,10,12,Medium,Undead,Undead1,2276,432,576,200,Normal,AiAggressive,225,skel_soldier.spr,0,0.5,1
4130,ARCHER_SKELETON,Archer Skeleton,31,825,16,22,17,30,18,1,84,103,9,6,6,310,323,10,12,Medium,Undead,Undead1,2864,576,864,300,Normal,AiAggressive,700,skel_archer.spr,0,0.5,1
4131,MIMIC,Mimic,51,1056,20,36,12,57,73,53,107,508,1,1,22,1195,2549,10,12,Medium,Formless,Neutral3,972,288,500,100,Normal,AiAggressive,500,mimic.spr,0,0.5,1
4132,MATYR,Matyr,31,872,32,17,30,22,25,20,130,159,1,8,8,627,520,10,12,Medium,Beast,Dark1,432,360,432,150,Normal,AiAggressive,150,matyr.spr,0,0.5,1
4133,VERIT,Verit,38,1234,21,27,21,31,27,1,124,151,1,8,8,637,631,10,12,Medium,Undead,Undead1,2468,480,768,250,Normal,AiPassive,500,verit.spr,0,0.5,1
4134,ANCIENT_MUMMY,Ancient Mummy,64,19161,43,56,43,62,56,1,598,731,1,18,18,7918,7228,10,12,Medium,Undead,Undead2,1772,384,120,175,Normal,AiAggressive,300,ancient_mummy.spr,0,0.5,1
4135,OSIRIS,Osiris,78,490560,79,102,79,113,102,1,1213,1482,1,25,25,293459,308669,10,12,Medium,Undead,Undead4,1072,384,672,100,Boss,AiAggressive,200,osiris.spr,0,0.5,1
4136,MINOROUS,Minorous,52,4761,60,32,49,41,46,36,328,401,1,14,14,4366,3578,10,12,Large,Beast,Fire2,1360,432,960,200,Normal,AiAggressive,600,minorous.spr,0,1,1
4137,ARCLOUSE,Arclouse,59,1591,38,38,42,60,59,33,257,314,1,24,16,2324,2587,10,12,Medium,Insect,Earth2,960,480,500,100,Normal,AiAggressive,500,arclouse.spr,0,0.5,1
4138,AMON_RA,Amon Ra,88,567296,131,143,148,131,89,119,2019,2468,3,48,41,1079285,1055134,14,12,Large,Demihuman,Earth3,854,480,2016,-1,Boss,AiAggressiveImmobile,744,amon_ra.spr,0,-1,1
4139,ZOMBIE,Zombie,15,348,9,11,9,13,11,1,36,44,1,4,4,82,85,10,12,Medium,Undead,Undead1,2612,288,912,400,Normal,AiAggressive,850,zombie.spr,0,0.5,1
4140,SKELETON,Skeleton,10,241,6,8,6,9,8,1,25,30,1,2,2,34,36,10,12,Medium,Undead,Undead1,2228,576,528,200,Normal,AiPassive,350,skeleton.spr,0,0.5,1
4141,ICE_TITAN,Ice Titan,60,15214,66,52,96,53,35,55,636,777,1,37,26,13931,11962,10,12,Large,Formless,Water3,861,144,660,250,Normal,AiAggressive,620,ice_titan.spr,0.5,0.75,1
4142,BON_GUN,Bongun,32,1215,21,18,20,28,23,1,122,165,1,8,6,502,531,10,12,Medium,Undead,Undead1,1720,420,500,200,Normal,AiAggressive,700,bon_gun.spr,0,0.5,1
4143,HYDRA,Hydra,14,235,7,12,14,11,7,12,26,31,7,5,5,75,70,10,12,Small,Plant,Water2,800,600,432,-1,Normal,AiAggressiveImmobile,350,hydra.spr,0,0.5,1
4144,MUNAK,Munak,30,945,17,20,15,25,22,1,103,126,1,6,8,355,385,10,12,Medium,Undead,Undead1,2468,288,768,200,Normal,AiAggressive,500,munak.spr,0,0.5,1
4145,WHISPER,Whisper,34,413,15,48,14,36,33,16,118,145,1,5,16,627,681,10,12,Small,Demon,Ghost3,1960,504,960,150,Normal,AiAggressive,744,whisper.spr,0,0.5,1
4146,WHISPER_,Whisper,34,428,16,43,14,36,33,16,124,151,1,5,15,640,638,10,12,Small,Undead,Ghost1,1960,504,960,150,Normal,AiPlant,744,whisper.spr,0,0.5,1
4147,WHISPER_BOSS,Whisper,34,420,15,46,14,36,33,16,121,148,1,5,16,634,650,10,12,Small,Demon,Ghost2,2536,672,1536,250,Normal,AiPassive,1000,whisper_boss.spr,0,0.5,1
4148,DOKEBI,Dokebi,33,655,38,32,24,27,26,25,136,167,1,11,11,701,630,10,12,Small,Demon,Dark1,1156,384,456,250,Normal,AiPassive,300,dokebi.spr,0,0.5,1
4149,AM_MUT,Am Mut,61,10575,84,71,53,60,57,56,693,848,1,24,24,11604,8480,10,12,Small,Demon,Dark1,1156,384,456,200,Normal,AiAggressive,300,am_mut.spr,0,0.5,1
4150,CAT_O_NINE_TAIL,Cat 'o Nine Tails,76,40935,87,97,59,81,77,97,1125,1376,1,28,28,41346,28744,10,12,Medium,Demon,Fire3,1276,288,576,155,Boss,AiAggressive,125,cat_o_nine_tail.spr,0,0.5,1
4151,MOONLIGHT,Moonlight Flower,67,148551,106,119,73,99,95,120,1323,1617,1,27,27,309562,275882,10,12,Medium,Demon,Fire3,1276,288,576,150,Boss,AiAggressive,185,moonlight.spr,0,0.5,1
4152,SKELETON_GENERAL,Skeleton General,73,24672,49,63,49,70,63,1,719,878,1,20,20,10878,9859,10,12,Medium,Undead,Undead1,2276,432,576,150,Normal,AiAggressive,225,skeleton_general.spr,0,0.5,1
4153,WHITE_PLANT,White Plant,1,10,1,2,10,1,1,1,1,1,1,999,999,0,0,7,12,Small,Plant,Earth1,1,1,1,-1,Normal,AiPlant,1,white_plant.spr,0,-1,1
4154,PUNK,Punk,43,1372,24,36,38,27,28,35,162,199,1,18,18,1053,1023,10,12,Small,Plant,Wind1,1500,1000,500,300,Normal,AiAggressive,1000,punk.spr,0,0.5,1
4155,RIDEWORD,Rideword,59,1662,48,48,48,62,48,52,266,325,1,18,18,2493,2668,10,12,Small,Formless,Neutral3,864,192,500,150,Normal,AiAggressive,481,rideword.spr,0,0.5,1
4156,BATHORY,Bathory,44,1088,36,39,29,36,36,39,187,228,1,12,16,1208,1107,10,12,Medium,Demihuman,Dark1,1504,900,840,100,Normal,AiAggressive,296,bathory.spr,0,0.5,1
4157,C_TOWER_MANAGER,Tower Keeper,63,12558,61,61,61,61,61,61,648,793,3,27,27,11652,9561,10,12,Large,Formless,Neutral4,1072,384,672,200,Normal,AiPassive,400,c_tower_manager.spr,0,0.5,1
4158,ELDER,Elder,64,12940,62,81,62,62,62,62,594,726,3,27,27,12212,10643,10,12,Large,Demihuman,Neutral4,1552,336,1152,165,Normal,AiAggressive,750,elder.spr,0,0.5,1
4159,ALARM,Alarm,58,1891,47,47,47,47,47,47,248,303,1,20,20,2416,2368,10,12,Medium,Formless,Neutral3,1020,768,500,300,Normal,AiAggressive,555,alarm.spr,0,0.5,1
4160,OWL_DUKE,Owl Duke,75,20376,80,105,65,74,70,69,832,1017,1,30,31,18969,14781,10,12,Large,Demon,Neutral3,1345,440,824,195,Boss,AiAggressive,800,owl_duke.spr,0,0.5,1
4161,OWL_BARON,Owl Baron,85,40643,91,129,74,84,76,78,1225,1498,2,33,37,42527,31475,10,12,Large,Demon,Neutral3,1345,440,824,175,Boss,AiAggressive,824,owl_baron.spr,0,0.5,1
4162,EXECUTIONER,Executioner,65,74786,75,75,75,75,75,75,1116,1365,2,31,29,60428,52331,10,12,Large,Formless,Dark2,768,384,500,200,Boss,AiAggressive,500,executioner.spr,0,0.5,1
4163,CLOCK,Clock,60,3947,49,47,50,47,47,47,432,529,1,20,15,2861,2832,10,12,Medium,Formless,Earth2,1092,480,792,200,Normal,AiPassive,444,clock.spr,0,0.5,1
4164,CRAMP,Cramp,56,1734,45,45,45,45,45,43,239,292,1,19,18,2198,2154,10,12,Small,Beast,Poison2,1000,1000,500,100,Normal,AiAggressive,666,cramp.spr,0,0.5,1
4165,JOKER,Joker,57,1548,44,52,12,39,78,193,191,258,1,6,26,2307,2486,10,12,Large,Demihuman,Wind4,1364,432,864,100,Normal,AiAggressive,325,joker.spr,0,0.5,1
4166,PENOMENA,Penomena,57,1523,43,46,46,55,36,45,193,236,7,18,17,1758,1796,10,12,Medium,Aquatic,Poison1,832,600,500,400,Normal,AiAggressive,350,penomena.spr,0,0.5,1
4167,MYSTELTAINN,Mysteltain,76,111987,88,88,88,88,88,88,1120,1369,2,35,35,89080,76310,10,12,Large,Formless,Dark4,1152,240,500,250,Boss,AiAggressive,800,mysteltainn.spr,0,0.5,1
4168,TIRFING,Tyrfing,71,91999,82,82,82,82,82,82,981,1200,1,31,31,74171,60963,10,12,Medium,Formless,Dark3,816,240,500,100,Boss,AiAggressive,600,tirfing.spr,0,0.5,1
4169,BRILIGHT,Brilight,46,992,29,31,29,44,48,26,207,254,1,16,13,1221,1476,10,12,Small,Insect,Fire1,1500,1000,500,200,Normal,AiAggressive,740,brilight.spr,0,0.5,1
4170,MARTIN,Martin,18,203,10,10,10,10,10,10,33,40,1,5,4,94,90,10,12,Small,Beast,Earth2,1480,480,480,300,Normal,AiPassive,200,martin.spr,0,0.5,1
4171,SASQUATCH,Sasquatch,30,848,32,17,30,22,25,20,126,154,1,8,8,566,488,10,12,Large,Beast,Neutral3,1260,192,192,300,Normal,AiAggressive,1000,sasquatch.spr,0,0.5,1
4172,LEIB_OLMAI,Leib Olmai,58,8584,73,38,68,49,54,44,439,536,1,20,18,9932,6923,10,12,Large,Beast,Earth1,1260,192,230,175,Normal,AiAggressive,1000,leib_olmai.spr,0,0.5,1
4173,KILLER_MANTIS,Killer Mantis,56,6190,54,52,54,52,52,52,382,467,1,23,21,8440,7059,10,12,Medium,Insect,Earth1,1528,432,660,175,Normal,AiAggressive,250,killer_mantis.spr,0,0.5,1
4174,BAPHOMET,Baphomet,81,352601,131,144,107,122,117,114,2060,3090,2,38,38,570443,503598,10,12,Large,Demon,Dark3,768,576,768,100,Boss,AiAggressive,768,baphomet.spr,0,0.5,1
4175,BAPHOMET_,Baphomet Jr.,50,1320,45,49,36,42,40,38,231,282,1,16,16,1776,1595,10,12,Small,Demon,Dark1,868,120,480,100,Normal,AiAggressive,480,baphomet_.spr,0,0.5,1
4176,NIGHTMARE,Nightmare,49,1197,41,55,36,40,39,38,209,256,1,15,17,1568,1648,10,12,Large,Demon,Ghost3,1816,432,816,150,Normal,AiAggressive,816,nightmare.spr,0,0.5,1
4177,GHOUL,Ghoul,40,1637,23,29,23,33,29,1,153,188,1,9,9,717,726,10,12,Medium,Undead,Undead2,2456,504,912,250,Normal,AiAggressive,475,ghoul.spr,0,0.5,1
4178,JAKK,Jakk,38,806,31,31,27,31,31,31,144,177,1,12,12,918,899,10,12,Medium,Formless,Fire2,1180,648,480,200,Normal,AiAggressive,200,jakk.spr,0,0.5,1
4179,DRACULA,Dracula,55,176606,92,100,75,111,82,79,474,881,3,39,39,201365,186577,10,12,Large,Demon,Dark4,1290,576,1140,145,Boss,AiAggressive,806,dracula.spr,0,0.5,1
4180,MARIONETTE,Marionette,41,1029,31,37,33,33,33,33,164,201,1,13,15,987,1165,10,12,Small,Demon,Ghost3,1480,1056,480,300,Normal,AiAggressive,250,marionette.spr,0,0.5,1
4181,DEVIRUCHI,Deviruchi,46,1284,37,37,37,37,37,37,194,237,1,16,16,1408,1380,10,12,Small,Demon,Dark1,980,384,600,150,Normal,AiAggressive,300,deviruchi.spr,0,0.5,1
4182,DOPPELGANGER,Doppelganger,62,158723,101,111,83,94,90,88,738,1107,1,34,28,249705,231641,10,12,Medium,Demon,Dark3,480,288,480,100,Boss,AiAggressive,200,doppelganger.spr,0,0.5,1
4183,ANUBIS,Anubis,75,79725,55,91,55,79,70,1,829,1014,1,23,23,23683,20724,10,12,Large,Demihuman,Undead2,1250,360,768,150,Normal,AiAggressive,496,anubis.spr,0,0.5,1
4184,REQUIEM,Requiem,35,769,29,29,29,29,29,29,130,159,1,12,12,748,748,10,12,Medium,Demihuman,Dark1,1516,432,816,400,Normal,AiAggressive,450,requiem.spr,0,0.5,1
4185,ZEROM,Zerom,23,383,19,19,18,19,19,19,71,86,1,7,7,291,297,10,12,Medium,Demihuman,Fire1,1780,432,1080,200,Normal,AiAggressive,740,zerom.spr,0,0.5,1
4186,PASANA,Pasana,61,7809,53,54,48,53,53,53,537,656,1,21,21,5903,5903,10,12,Medium,Demihuman,Fire2,976,288,576,165,Normal,AiAggressive,300,pasana.spr,0,0.5,1
4187,MARDUK,Marduk,40,1041,33,33,31,33,33,33,176,215,1,13,13,1021,981,10,12,Large,Demihuman,Fire1,1540,504,840,300,Normal,AiAggressive,444,marduk.spr,0,0.5,1
4188,PHARAOH,Pharaoh,79,313686,118,118,118,118,118,118,1382,1689,1,38,38,445060,461854,10,12,Large,Demihuman,Dark3,210,288,768,100,Boss,AiAggressive,600,pharaoh.spr,0,0.5,1
4189,PLANKTON,Plankton,10,172,8,10,9,9,9,9,28,31,1,4,4,51,52,10,12,Small,Plant,Water3,2208,324,1008,400,Normal,AiPassive,600,plankton.spr,0,0.5,1
4190,MARINA,Marina,21,371,16,18,17,17,17,17,65,72,1,8,8,251,239,10,12,Small,Plant,Water2,2280,864,1080,400,Normal,AiPassive,750,marina.spr,0,0.5,1
4191,KUKRE,Kukre,11,181,8,9,9,9,9,9,32,35,1,4,4,59,61,10,12,Small,Aquatic,Water1,1776,288,576,150,Normal,AiPassive,600,kukre.spr,0,0.5,1
4192,VADON,Vadon,19,302,15,16,16,16,16,16,51,56,1,7,7,198,189,10,12,Small,Aquatic,Water1,1632,540,432,300,Normal,AiPassive,434,vadon.spr,0,0.5,1
4193,CORNUTUS,Cornutus,23,398,18,19,19,19,19,19,71,78,1,8,8,291,294,10,12,Small,Aquatic,Water1,1248,480,48,200,Normal,AiPassive,200,cornutus.spr,0,0.5,1
4194,MARSE,Marse,31,692,24,27,26,25,25,26,118,131,1,11,11,588,560,10,12,Small,Aquatic,Water2,1956,528,756,300,Normal,AiPassive,481,marse.spr,0,0.5,1
4195,OBEAUNE,Obeaune,31,692,24,27,26,25,25,26,118,131,1,11,11,582,565,10,12,Medium,Aquatic,Water2,1872,288,672,200,Normal,AiAggressive,400,obeaune.spr,0,0.5,1
4196,MERMAN,Merman,53,1653,40,48,46,43,43,45,220,243,2,18,18,2040,1964,10,12,Medium,Demihuman,Water3,916,336,816,220,Normal,AiAggressive,400,merman.spr,0,0.5,1
4197,PHEN,Phen,26,460,20,22,22,21,21,21,77,86,1,9,9,380,399,10,12,Medium,Aquatic,Water2,2544,1152,1344,150,Normal,AiPassive,444,phen.spr,0,0.5,1
4198,MARINE_SPHERE,Marine Sphere,28,499,22,24,24,23,23,23,83,92,1,10,10,456,460,10,12,Small,Plant,Water2,1201,1,1,800,Normal,AiPlant,250,marine_sphere.spr,0,0.5,1
4199,MARC,Marc,36,819,27,31,30,29,29,30,133,148,1,13,13,796,805,10,12,Medium,Aquatic,Water2,1272,480,72,150,Normal,AiAggressive,225,marc.spr,0,0.5,1
4200,SWORD_FISH,Sword Fish,30,668,24,27,26,25,25,26,115,128,1,11,11,520,547,10,12,Large,Aquatic,Water2,1968,384,768,200,Normal,AiAggressive,200,sword_fish.spr,0,0.5,1
4201,STROUF,Strouf,48,3580,40,47,46,43,42,45,258,285,1,18,18,3480,3334,10,12,Large,Aquatic,Water3,1872,384,672,150,Normal,AiAggressive,111,strouf.spr,0,0.5,1
4202,DEVIACE,Deviace,47,28317,48,63,59,53,53,57,380,421,1,20,20,27642,22745,10,12,Medium,Aquatic,Water4,1680,384,480,400,Normal,AiPassive,296,deviace.spr,0,0.5,1
4203,SAGEWORM,Sageworm,43,1186,35,52,35,35,35,35,152,169,1,15,15,1158,1182,10,12,Small,Beast,Neutral3,936,288,936,200,Normal,AiPassive,518,sageworm.spr,0,0.5,1
4204,CARAT,Carat,51,1450,40,43,39,40,43,41,228,253,1,18,18,1722,1846,10,12,Medium,Demon,Wind2,1078,384,768,200,Normal,AiAggressive,600,carat.spr,0,0.5,1
4205,DARK_FRAME,Dark Frame,59,4929,54,54,54,54,54,54,498,551,1,22,24,7044,7379,10,12,Medium,Demon,Dark3,920,200,720,200,Normal,AiAggressive,372,dark_frame.spr,0,0.5,1
4206,ALICE,Alice,62,6834,50,90,50,65,40,125,294,325,1,21,27,4084,3634,10,12,Medium,Demihuman,Neutral3,502,480,2304,200,Normal,AiPassive,1000,alice.spr,0,0.5,1
4207,RAYDRIC,Raydric,52,3891,47,47,47,47,47,47,333,368,1,24,20,4321,4286,10,12,Large,Demihuman,Dark2,824,420,780,150,Normal,AiAggressive,400,raydric.spr,0,0.5,1
4208,RAYDRIC_ARCHER,Raydric Archer,52,2966,44,47,47,56,37,47,267,296,9,21,18,3508,3421,10,12,Medium,Demon,Dark2,1152,480,1152,200,Normal,AiAggressive,999,raydric_archer.spr,0,0.5,1
4209,CHIMERA,Chimera,70,105409,103,57,80,72,79,63,1176,1299,1,22,22,75445,51211,10,12,Large,Beast,Fire3,772,360,672,200,Boss,AiAggressive,400,chimera.spr,0,1,1
4210,EVIL_DRUID,Evil Druid,58,7768,36,60,36,51,46,1,311,344,1,14,14,3818,3838,10,12,Large,Undead,Undead4,2276,336,576,300,Normal,AiAggressive,175,evil_druid.spr,0,0.5,1
4211,KNIGHT_OF_ABYSS,Abyssal Knight,79,63346,86,86,86,86,86,86,1688,1865,1,47,36,56315,39604,10,12,Large,Demihuman,Dark4,1500,1000,500,300,Normal,AiAggressive,750,knight_of_abyss.spr,0,1,1
4212,KHALITZBURG,Khalitzburg,63,17733,42,55,42,61,55,1,740,817,1,21,18,8905,6910,10,12,Large,Undead,Undead1,528,396,1000,350,Normal,AiAggressive,250,khalitzburg.spr,0,0.5,1
4213,WRAITH,Wraith,53,2381,30,38,30,43,42,1,215,238,1,12,13,1364,1530,10,12,Large,Undead,Undead4,1816,240,576,300,Normal,AiAggressive,400,wraith.spr,0,0.5,1
4214,DARK_ILLUSION,Dark Illusion,77,188238,60,78,60,86,78,1,1080,1193,2,22,22,59050,53605,10,12,Large,Demon,Undead4,1024,480,768,145,Boss,AiAggressive,1000,dark_illusion.spr,0,1,1
4215,DARK_LORD,Dark Lord,80,600096,81,105,81,117,105,1,1499,1656,2,25,25,313968,330241,10,12,Large,Demon,Undead4,368,480,768,100,Boss,AiAggressive,425,dark_lord.spr,0,1,1
4216,SKEL_PRISONER,Skeleton Prisoner,52,2456,29,37,29,42,37,1,250,277,1,12,12,1534,1461,10,12,Medium,Undead,Undead3,1848,576,500,350,Normal,AiAggressive,900,skel_prisoner.spr,0,0.5,1
4217,ZOMBIE_PRISONER,Zombie Prisoner,53,3042,30,38,30,43,38,1,212,235,1,11,11,1605,1496,10,12,Medium,Undead,Undead3,1768,192,500,350,Normal,AiAggressive,500,zombie_prisoner.spr,0,0.5,1
4218,STING,Sting,61,8623,55,50,56,55,35,50,605,668,1,26,19,6099,5840,10,12,Medium,Formless,Earth3,528,240,500,300,Normal,AiAggressive,350,sting.spr,0,0.5,1
4219,MAJORUROS,Majorous,66,47199,89,48,74,61,68,55,919,1016,1,22,22,27402,18340,10,12,Large,Beast,Fire2,1100,780,960,250,Normal,AiAggressive,1000,majoruros.spr,0,1,1
4220,GARGOYLE,Gargoyle,48,1107,35,42,36,45,34,40,175,194,9,15,15,1210,1292,10,12,Medium,Demon,Wind3,1020,384,720,200,Normal,AiAggressive,620,gargoyle.spr,0,0.5,1
4221,BLOODY_KNIGHT,Bloody Knight,82,161387,95,95,95,95,95,95,1548,1711,3,49,37,134622,112185,10,12,Large,Formless,Dark4,828,192,528,250,Boss,AiAggressive,300,bloody_knight.spr,0,0.5,1
4222,INJUSTICE,Injustice,51,1509,41,41,41,41,41,41,228,253,1,18,18,1846,1773,10,12,Medium,Undead,Dark2,770,336,720,400,Normal,AiAggressive,558,injustice.spr,0,0.5,1
4223,RYBIO,Rybio,71,11254,62,62,62,62,62,62,654,723,1,26,26,8436,8295,10,12,Large,Demon,Neutral2,1790,540,1440,200,Normal,AiAggressive,930,rybio.spr,0,0.5,1
4224,ZHERLTHSH,Zealotus,63,70380,71,71,71,71,71,71,856,947,1,29,29,50638,42784,10,12,Medium,Demihuman,Neutral3,800,768,2112,200,Normal,AiAggressive,1000,zherlthsh.spr,0,0.5,1
4225,PHENDARK,Phendark,73,18638,70,92,92,70,70,70,843,932,2,36,36,18582,14613,10,12,Large,Demihuman,Neutral2,1744,600,1344,175,Normal,AiAggressive,1000,phendark.spr,0,0.5,1
4226,ANOLIAN,Anolian,61,19966,73,44,74,52,58,48,764,845,1,18,18,12921,8395,10,12,Medium,Aquatic,Water2,900,864,500,190,Normal,AiAggressive,682,anolian.spr,0,0.5,1
4227,WIND_GHOST,Wind Ghost,51,2640,38,83,19,53,38,13,332,367,2,11,28,3857,3965,10,12,Medium,Demon,Wind3,1056,336,1056,150,Normal,AiAggressive,750,wind_ghost.spr,0,0.5,1
4228,SKEL_WORKER,Skeleton Worker,30,945,17,22,17,25,22,1,109,120,1,7,7,363,385,10,12,Medium,Undead,Undead1,2420,384,720,400,Normal,AiAggressive,450,skel_worker.spr,0,0.5,1
4229,MYST,Myst,38,840,31,31,31,31,31,30,146,161,1,13,12,865,882,10,12,Large,Formless,Poison1,1576,384,576,200,Normal,AiAggressive,350,myst.spr,0,0.5,1
4230,PIRATE_SKEL,Pirate Skeleton,25,626,14,18,14,21,18,1,70,77,1,6,6,252,249,10,12,Medium,Undead,Undead1,1754,288,554,200,Normal,AiAggressive,372,pirate_skel.spr,0,0.5,1
4231,DRAKE,Drake,70,317005,71,92,71,102,92,1,1018,1125,1,23,23,211892,216461,10,12,Medium,Undead,Undead1,220,360,420,200,Boss,AiAggressive,111,drake.spr,0,0.5,1
4232,SPRING_RABBIT,Spring Rabbit,58,1538,38,38,41,54,58,32,280,309,1,24,16,2252,2457,10,12,Medium,Beast,Earth2,1120,511,552,160,Normal,AiPassive,777,spring_rabbit.spr,0,0.5,1
4233,PEST,Pest,40,867,33,33,33,40,43,33,184,203,1,14,14,1031,1072,10,12,Small,Beast,Dark2,700,480,648,165,Normal,AiAggressive,407,pest.spr,0,0.5,1
4234,PERMETER,Permeter,63,5209,56,68,66,45,35,45,410,453,2,25,24,4180,3873,10,12,Medium,Beast,Neutral2,1100,528,483,250,Normal,AiPassive,750,permeter.spr,0,0.5,1
4235,SOLIDER,Solider,70,6728,63,49,115,49,38,49,599,662,2,44,21,5977,5422,10,12,Medium,Beast,Earth2,1452,528,483,250,Normal,AiPassive,1000,solider.spr,0,0.5,1
4236,FREEZER,Freezer,72,7219,60,56,79,52,40,53,591,654,2,32,30,6143,5720,10,12,Medium,Beast,Water2,1452,528,483,250,Normal,AiAggressive,558,freezer.spr,0,0.5,1
4237,HEATER,Heater,68,5807,60,50,63,49,38,49,597,660,2,28,26,5406,4929,10,12,Medium,Beast,Fire2,1452,528,483,250,Normal,AiAggressive,1000,heater.spr,0,0.5,1
4238,ASSULTER,Assulter,71,14751,67,59,78,55,69,57,960,1061,2,24,20,13011,11764,10,12,Medium,Demihuman,Wind2,1000,432,900,155,Normal,AiAggressive,555,assulter.spr,0,0.5,1
4239,TURTLE_GENERAL,Turtle General,87,757770,140,108,169,108,84,108,2450,2707,2,60,41,1307437,1158516,10,12,Large,Beast,Earth2,900,500,1000,200,Boss,AiAggressive,650,turtle_general.spr,0,0.5,1
4240,GRAND_PECO,Grand Peco,58,2298,61,33,50,42,47,37,288,352,2,15,15,2674,2225,10,12,Large,Beast,Fire2,1460,432,960,165,Normal,AiAssist,1000,grand_peco.spr,0,0.5,1
4241,KIND_OF_BEETLE,Beetle King,34,752,28,27,28,27,27,27,127,156,1,12,11,680,701,10,12,Small,Insect,Earth1,1247,576,768,165,Normal,AiPassive,248,kind_of_beetle.spr,0,0.5,1
4242,DELETER,Deleter,66,4538,63,48,52,53,58,53,544,665,1,21,21,4147,3728,10,12,Medium,Dragon,Fire2,1020,384,720,175,Normal,AiAggressive,350,deleter.spr,0,0.5,1
4243,DELETER_,Deleter,65,4399,63,48,52,53,58,53,534,653,1,20,20,3990,3587,10,12,Medium,Dragon,Fire2,1024,336,624,175,Normal,AiAggressive,350,deleter_.spr,0,0.5,1
4244,GEOGRAPHER,Geographer,56,2202,32,54,53,33,33,42,217,266,3,26,19,2067,2002,10,12,Medium,Plant,Earth3,1308,480,1008,-1,Normal,AiAggressiveImmobile,500,geographer.spr,0,0.5,1
4245,RAFFLESIA,Rafflesia,17,272,14,13,14,13,13,13,45,56,3,6,5,152,154,10,12,Small,Plant,Earth1,512,240,528,150,Normal,AiAggressive,450,rafflesia.spr,0,0.5,1
4246,ARCHANGELING,Archangeling,60,80466,65,94,79,79,72,94,980,1197,1,25,31,55091,47479,10,12,Medium,Angel,Holy3,1072,480,672,180,Boss,AiAggressive,325,archangeling.spr,0,0.5,1
4247,SLEEPER,Sleeper,67,4060,55,51,78,51,51,51,445,544,1,32,20,4077,3520,10,12,Medium,Formless,Earth2,1350,432,1200,195,Normal,AiAggressive,744,sleeper.spr,0,0.5,1
4248,GOAT,Goat,69,5086,72,40,57,50,56,44,542,663,1,17,17,4103,3604,10,12,Medium,Beast,Fire3,1380,336,1080,165,Normal,AiAssist,744,goat.spr,0,0.5,1
4249,DEMON_PUNGUS,Demon Pungus,56,1595,49,54,39,46,44,40,265,324,1,17,16,2304,2111,10,12,Small,Demon,Poison3,1260,672,960,170,Normal,AiAggressive,700,demon_pungus.spr,0,0.5,1
4250,DRILLER,Driller,52,2014,55,28,51,36,41,32,241,294,1,15,13,2001,1673,10,12,Medium,Beast,Earth1,1300,336,900,165,Normal,AiAggressive,558,driller.spr,0,0.5,1
4251,HARPY,Harpy,70,4183,55,62,53,55,62,59,484,591,1,24,24,3972,3963,10,12,Medium,Demon,Wind3,972,470,672,155,Normal,AiAggressive,400,harpy.spr,0,0.5,1
4252,VENATU_1,Venatu,72,4674,58,58,58,58,58,58,487,596,2,25,25,4025,4106,10,12,Medium,Formless,Neutral2,504,360,1020,150,Normal,AiAggressive,620,venatu_1.spr,0,0.5,1
4253,VENATU_2,Venatu,80,7001,63,68,63,63,68,66,679,830,2,27,27,5416,5579,10,12,Medium,Formless,Wind2,504,360,1020,150,Normal,AiAggressive,620,venatu_2.spr,0,0.5,1
4254,VENATU_3,Venatu,78,6073,64,60,65,60,60,60,580,709,2,29,24,5111,5114,10,12,Medium,Formless,Earth2,504,360,1020,150,Normal,AiAggressive,620,venatu_3.spr,0,0.5,1
4255,VENATU_4,Venatu,75,5384,58,65,64,61,61,63,504,616,2,26,26,4609,4657,10,12,Medium,Formless,Water2,504,360,1020,150,Normal,AiAggressive,620,venatu_4.spr,0,0.5,1
4256,COOKIE,Cookie,25,434,21,21,21,21,21,21,74,91,1,9,9,352,352,10,12,Small,Demihuman,Neutral3,1036,240,936,200,Normal,AiPassive,111,cookie.spr,0,0.5,1
4257,COOKIE_XMAS,Cookie,28,499,23,23,23,23,23,23,85,104,1,10,10,465,465,10,12,Small,Demihuman,Holy2,1248,240,1248,400,Normal,AiPassive,350,cookie_xmas.spr,0,0.5,1
4258,CRUISER,Cruiser,35,655,27,29,29,34,23,29,103,126,7,10,10,587,575,10,12,Medium,Formless,Neutral3,1296,432,1296,400,Normal,AiAggressive,1000,cruiser.spr,0,0.5,1
4259,CHEPET,Chepet,42,22128,47,47,45,47,47,47,366,447,1,18,18,19621,16127,10,12,Medium,Demihuman,Fire1,672,288,672,400,Normal,AiAggressive,350,chepet.spr,0,0.5,1
4260,GOBLINE_XMAS,Festive Goblin,25,421,20,21,20,20,21,21,74,91,1,9,9,338,363,10,12,Medium,Demihuman,Wind1,1120,240,620,100,Normal,AiAggressive,400,gobline_xmas.spr,0,0.5,1
4261,GARM,Garm,73,18144,64,84,79,71,70,76,733,896,3,30,30,18548,14418,10,12,Large,Beast,Water4,608,336,408,400,Boss,AiAggressive,325,garm.spr,0,1,1
4262,GARM_BABY,Baby Garm,61,8460,51,57,56,53,53,55,486,594,1,23,23,5953,5791,10,12,Medium,Beast,Water2,879,576,672,450,Normal,AiAggressive,300,garm_baby.spr,0,0.5,1
4263,KNIGHT_OF_WINDSTORM,Stormy Knight,77,268992,106,127,100,106,127,117,1344,1643,2,36,36,417138,445782,10,12,Large,Formless,Wind4,468,288,468,200,Boss,AiAggressive,259,knight_of_windstorm.spr,0,0.5,1
4264,MYSTCASE,Mystcase,38,856,31,31,31,31,31,31,138,169,1,13,13,900,882,10,12,Medium,Formless,Neutral3,1248,432,1248,400,Normal,AiPassive,450,mystcase.spr,0,0.5,1
4265,WRAITH_DEAD,Wraith Dead,74,29294,50,64,50,72,64,1,757,926,2,20,20,12363,10458,10,12,Large,Undead,Undead4,1816,240,576,175,Normal,AiAggressive,850,wraith_dead.spr,0,0.5,1
4266,SHELLFISH,Shellfish,15,241,12,13,13,13,13,13,39,48,1,6,6,119,113,10,12,Small,Aquatic,Water1,864,384,864,200,Normal,AiPassive,481,shellfish.spr,0,-1,1
4267,ALLIGATOR,Alligator,42,1490,43,24,41,30,34,27,189,232,1,12,12,1229,1007,10,12,Medium,Beast,Water1,1100,480,900,200,Normal,AiPassive,558,alligator.spr,0,0.5,1
4268,ASTER,Aster,18,287,15,14,15,14,14,14,47,58,1,7,6,175,169,10,12,Small,Aquatic,Earth1,1264,216,864,400,Normal,AiPassive,350,aster.spr,0,0.5,1
4269,CRAB,Crab,20,346,16,17,17,17,17,17,60,73,1,7,7,212,219,7,12,Small,Aquatic,Water1,992,360,792,200,Normal,AiPassive,296,crab.spr,0,0.5,1
4270,RAGGLER,Raggler,21,353,16,17,16,16,17,17,64,79,1,8,8,244,236,10,12,Small,Beast,Wind1,1000,384,900,200,Normal,AiAggressive,259,raggler.spr,0,0.5,1
4271,MOBSTER,Mobster,61,11389,58,58,58,58,58,58,627,766,1,25,25,10426,8423,10,12,Medium,Demihuman,Neutral1,1100,580,560,250,Normal,AiAggressive,700,mobster.spr,0,0.5,1
4272,FUR_SEAL,Fur Seal,63,11419,71,40,68,50,56,45,567,694,1,19,19,6814,5525,10,12,Medium,Beast,Water1,1612,583,622,200,Normal,AiAggressive,600,fur_seal.spr,0,0.5,1
4273,GALAPAGO,Galapago,61,3319,49,48,49,48,48,48,396,484,1,21,19,2651,2733,10,12,Small,Beast,Earth1,1430,1080,1080,165,Normal,AiPassive,496,galapago.spr,0,0.5,1
4274,MUTANT_DRAGON,Mutant Dragon,65,91503,96,52,80,66,74,59,981,1199,4,21,21,60918,41515,10,12,Large,Dragon,Fire2,1280,240,1080,250,Boss,AiPassive,925,mutant_dragon.spr,0,0.5,1
4275,SEE_OTTER,See Otter,59,6597,64,41,68,47,52,44,339,414,1,17,17,6093,4946,10,12,Medium,Beast,Water3,1132,532,583,190,Normal,AiAggressive,450,see_otter.spr,0,0.5,1
4276,GRYPHON,Gryphon,72,115514,100,64,87,69,92,68,1135,1388,1,26,26,80318,60307,10,12,Large,Beast,Wind4,704,432,504,100,Boss,AiAggressive,296,gryphon.spr,0,0.5,1
4277,MEDUSA,Medusa,79,14131,77,84,63,71,68,66,837,1023,1,28,28,11842,10600,10,12,Medium,Demon,Neutral2,1720,360,1320,180,Normal,AiAggressive,1000,medusa.spr,0,0.5,1
4278,NERAID,Neraid,40,1084,33,32,33,32,32,32,172,211,1,14,13,1011,981,10,12,Small,Beast,Earth1,776,288,576,200,Normal,AiAggressive,400,neraid.spr,0,0.5,1
4279,TRI_JOINT,Tri Joint,32,558,20,21,22,30,33,18,127,156,1,12,9,536,643,10,12,Small,Insect,Earth1,860,624,660,200,Normal,AiPassive,682,tri_joint.spr,0,0.5,1
4280,STALACTIC_GOLEM,Stalactic Golem,60,4270,58,39,73,44,29,44,423,518,1,32,22,3643,3781,10,12,Large,Formless,Neutral4,1264,288,864,200,Normal,AiPassive,900,stalactic_golem.spr,0,1,1
4281,MEGALODON,Megalodon,24,599,14,18,14,20,18,1,64,79,1,6,6,230,228,10,12,Medium,Undead,Undead1,2492,432,792,200,Normal,AiPassive,725,megalodon.spr,0,0.5,1
4282,MEGALITH,Megalith,45,1086,35,37,37,44,29,37,151,184,9,14,14,1064,1041,10,12,Large,Formless,Neutral4,1332,672,1332,-1,Normal,AiAggressiveImmobile,962,megalith.spr,0,-1,1
4283,TAO_GUNKA,Tao Gunka,70,261755,134,98,138,92,59,87,1296,1584,2,48,33,392701,393602,10,12,Large,Demon,Neutral3,1020,144,288,150,Boss,AiAggressive,400,tao_gunka.spr,0,0.5,1
4284,TARGET_DUMMY,Target Dummy,50,100000,20,61,73,1,20,1,20,25,0,70,70,0,0,10,12,Small,Formless,Neutral4,1001,1,1000,-1,Normal,AiDebug,1,barricade.spr,0,-1,1
4285,TEST_DRONE,Test Drone,50,100000,42,42,42,42,42,42,214,261,1,17,17,0,0,10,12,Small,Formless,Dark3,1000,0,1000,150,Normal,AiHyperPacifist,1,constant.spr,0,0.5,1
4286,RANDGRIS,Valkyrie Randgris,99,1360194,142,204,173,173,158,204,4466,5459,3,46,57,2734989,2972252,10,12,Large,Angel,Holy4,576,480,576,100,Boss,AiAggressive,525,randgris.spr,0,0.5,1
4287,VALKYRIE,Valkyrie,99,272038,101,148,125,125,114,148,3064,3745,3,43,53,263051,234949,10,12,Large,Angel,Holy4,576,480,576,100,Boss,AiAggressive,525,g_randgris.spr,0,0.5,1
4288,PORING50,Poring,50,1400,22,34,37,26,26,33,193,214,1,10,10,1167,1243,10,12,Medium,Plant,Water1,1872,480,672,400,Normal,AiPassive,300,poring.spr,0,0.5,1