Id,Code,Name,Attack,Range,Slot,Price,Weight,Type,Position,Property,MinLvl,EquipGroup,Refinable,Breakable,Sprite,WeaponSprite
1101,Sword,Sword,25,1,3,100,500,Sword,MainHand,Neutral,2,SwordUser,Yes,No,소드,
1102,Sword_,Sword,25,1,4,100,500,Sword,MainHand,Neutral,2,SwordUser,Yes,No,소드,
1104,Falchion,Falchion,39,1,3,1500,600,Sword,MainHand,Neutral,2,SwordUser,Yes,No,폴쳔,
1105,Falchion_,Falchion,39,1,4,1500,600,Sword,MainHand,Neutral,2,SwordUser,Yes,No,폴쳔,
1107,Blade,Blade,53,1,3,2900,700,Sword,MainHand,Neutral,2,SwordUser,Yes,No,블레이드,
1108,Blade_,Blade,53,1,4,2900,700,Sword,MainHand,Neutral,2,SwordUser,Yes,No,블레이드,
1110,Rapier,Rapier,70,1,2,10000,500,Sword,MainHand,Neutral,14,SwordUser,Yes,No,레이피어,
1111,Rapier_,Rapier,70,1,3,10000,500,Sword,MainHand,Neutral,14,SwordUser,Yes,No,레이피어,
1113,Scimiter,Scimiter,85,1,2,17000,700,Sword,MainHand,Neutral,14,SwordUser,Yes,No,시미터,
1114,Scimiter_,Scimiter,85,1,3,17000,700,Sword,MainHand,Neutral,14,SwordUser,Yes,No,시미터,
1116,Katana,Katana,60,1,3,2000,1000,2HSword,BothHands,Neutral,4,Swordsman,Yes,No,카타나,1116
1117,Katana_,Katana,60,1,4,2000,1000,2HSword,BothHands,Neutral,4,Swordsman,Yes,No,카타나,
1119,Tsurugi,Tsurugi,130,1,1,51000,1200,Sword,MainHand,Neutral,27,SwordUser1stJob,Yes,No,츠루기,1119
1120,Tsurugi_,Tsurugi,130,1,2,51000,1200,Sword,MainHand,Neutral,27,SwordUser1stJob,Yes,No,츠루기,
1122,Ring_Pommel_Saber,Ring Pommel Saber,100,1,2,24000,900,Sword,MainHand,Neutral,14,SwordUser1stJob,Yes,No,환두태도,1122
1123,Haedonggum,Haedonggum,120,1,1,50000,900,Sword,MainHand,Neutral,27,SwordUser1stJob,Yes,No,해동검,1123
1124,Orcish_Sword,Orcish Sword,90,1,0,20,800,Sword,MainHand,Neutral,5,SwordUser,Yes,Yes,오키쉬소드,
1125,Ring_Pommel_Saber_,Ring Pommel Saber,100,1,3,24000,900,Sword,MainHand,Neutral,14,SwordUser1stJob,Yes,No,환두태도,
1126,Saber,Saber,115,1,2,49000,1000,Sword,MainHand,Neutral,27,SwordUser1stJob,Yes,No,세이버,1126
1127,Saber_,Saber,115,1,3,49000,1000,Sword,MainHand,Neutral,27,SwordUser1stJob,Yes,No,세이버,
1128,Haedonggum_,Haedonggum,120,1,2,50000,900,Sword,MainHand,Neutral,27,SwordUser1stJob,Yes,No,해동검,
1129,Flamberge,Flamberge,150,1,0,60000,1500,Sword,MainHand,Neutral,27,Swordsman2ndJob,Yes,No,프람베르그,
1130,Nagan,Nagan,120,1,0,20,500,Sword,MainHand,Neutral,40,SwordUser1stJob,Yes,No,네이건,
1131,Ice_Falchion,Ice Falchion,100,1,0,20,600,Sword,MainHand,Water,40,SwordUser1stJob,Yes,No,아이스팔시온,
1132,Edge,Edge,115,1,0,20,700,Sword,MainHand,Neutral,40,SwordUser1stJob,Yes,No,엣지,
1133,Fire_Brand,Fire Brand,100,1,0,20,500,Sword,MainHand,Fire,40,SwordUser1stJob,Yes,No,화이어브랜드,
1134,Caesar's_Sword,Caesar's Sword,140,1,0,20,700,Sword,MainHand,Neutral,40,SwordUser1stJob,Yes,No,시저즈소드,
1135,Cutlus,Cutlus,150,1,0,20,900,Sword,MainHand,Neutral,40,SwordUser1stJob,Yes,No,커틀러스,
1136,Solar_Sword,Solar Sword,85,1,0,20,1200,Sword,MainHand,Fire,40,SwordUser1stJob,Yes,No,태양검,
1137,Excalibur,Excalibur,150,1,0,20,1200,Sword,MainHand,Holy,40,SwordUser1stJob,Yes,No,엑스칼리버,
1138,Mistilteinn,Mistilteinn,170,1,0,20,1000,Sword,MainHand,Dark,40,SwordUser1stJob,Yes,No,미스틸테인,
1139,Tyrfing,Tyrfing,200,1,0,20,1000,Sword,MainHand,Dark,40,SwordUser1stJob,Yes,No,테일핑,
1140,Byeol-ungeom,Byeol-ungeom,150,1,0,20,900,Sword,MainHand,Neutral,40,SwordUser1stJob,Yes,No,별운검,
1141,Immaterial_Sword,Immaterial Sword,140,1,0,20,900,Sword,MainHand,Ghost,40,SwordUser1stJob,Yes,Yes,무형검,
1142,Jeweled_Sword,Jeweled Sword,104,1,0,20,2200,Sword,MainHand,Neutral,68,SwordUser1stJob,Yes,No,쥬얼소드,1142
1143,Gaia_Sword,Gaia Sword,140,1,0,20,2500,Sword,MainHand,Neutral,74,SwordUser1stJob,Yes,No,가이아소드,1143
1144,Sashimi,Sashimi,75,1,0,20,1400,Sword,MainHand,Wind,48,SwordUser1stJob,Yes,No,사시미,1144
1145,Holy_Avenger,Holy Avenger,125,1,0,450000,1350,Sword,MainHand,Holy,75,Crusader,Yes,No,홀리어벤져,
1146,Town_Sword,Town Sword,100,1,1,42000,800,Sword,MainHand,Neutral,30,NoviceGroup,Yes,No,타운소드,
1147,Town_Sword_,Town Sword,100,1,2,42000,800,Sword,MainHand,Neutral,30,NoviceGroup,Yes,No,타운소드,
1148,Star_Dust_Blade,Star Dust Blade,140,1,1,20,1000,Sword,MainHand,Neutral,45,NoviceGroup,Yes,Yes,스타블레이드,
1149,Flamberge_,Flamberge,150,1,2,60000,1500,Sword,MainHand,Neutral,27,Swordsman2ndJob,Yes,No,프람베르그,
1151,Slayer,Slayer,90,1,2,15000,1300,2HSword,BothHands,Neutral,18,Swordsman,Yes,No,슬레이어,
1152,Slayer_,Slayer,90,1,3,15000,1300,2HSword,BothHands,Neutral,18,Swordsman,Yes,No,슬레이어,
1154,Bastard_Sword,Bastard Sword,115,1,2,22500,1600,2HSword,BothHands,Neutral,18,Swordsman,Yes,No,바스타드소드,1154
1155,Bastard_Sword_,Bastard Sword,115,1,3,22500,1600,2HSword,BothHands,Neutral,18,Swordsman,Yes,No,바스타드소드,
1157,Two-Handed_Sword,Two-Handed Sword,160,1,1,60000,2200,2HSword,BothHands,Neutral,33,Swordsman,Yes,No,투핸드소드,
1158,Two-Handed_Sword_,Two-Handed Sword,160,1,2,60000,2200,2HSword,BothHands,Neutral,33,Swordsman,Yes,No,투핸드소드,
1160,Broad_Sword,Broad Sword,140,1,1,65000,2000,2HSword,BothHands,Neutral,33,Swordsman,Yes,Yes,브로드소드,1160
1161,Balmung,Balmung,250,1,0,20,1000,2HSword,BothHands,Holy,48,AllJobs,Yes,Yes,발뭉,
1162,Broad_Sword_,Broad Sword,140,1,2,65000,2000,2HSword,BothHands,Neutral,33,Swordsman,Yes,Yes,브로드소드,
1163,Claymore,Claymore,180,1,0,74000,2500,2HSword,BothHands,Neutral,33,Swordsman2ndJob,Yes,No,크레이모어,
1164,Muramasa,Muramasa,155,1,0,20,1000,2HSword,BothHands,Neutral,48,Swordsman,Yes,No,무라마사,
1165,Masamune,Masamune,200,1,0,20,1000,2HSword,BothHands,Neutral,48,Swordsman,Yes,No,마사무네,
1166,Dragon_Slayer,Dragon Slayer,150,1,0,20,1300,2HSword,BothHands,Neutral,48,Swordsman,Yes,No,드래곤슬레이어,
1167,Schweizersabel,Schweizersabel,160,1,0,20,1600,2HSword,BothHands,Wind,48,Swordsman,Yes,No,슈바이체르샤벨,
1168,Zweihander,Zweihander,200,1,0,20,2200,2HSword,BothHands,Neutral,48,Swordsman,Yes,No,즈바이핸더,
1169,Executioner,Executioner,155,1,0,20,2200,2HSword,BothHands,Dark,48,Swordsman,Yes,No,액서큐셔너,
1170,Katzbalger,Katzbalger,175,1,0,20,2000,2HSword,BothHands,Neutral,48,Swordsman,Yes,No,카츠발게르,
1171,Zweihander_,Zweihander,200,1,2,20,2200,2HSword,BothHands,Neutral,48,Swordsman,Yes,No,즈바이핸더,
1172,Claymore_,Claymore,180,1,2,74000,2500,2HSword,BothHands,Neutral,33,Swordsman2ndJob,Yes,No,크레이모어,
1175,Atlas_Weapon,Atlas Weapon,200,1,1,10000,3500,2HSword,BothHands,Neutral,55,JC_080,Yes,No,아트로스의흉기,
1176,Muscle_Cutter,Muscle Cutter,160,1,2,10000,2200,2HSword,BothHands,Neutral,55,JC_080,Yes,No,근육절단기,
1178,Schweizersabel_,Schweizersabel,160,1,2,20,1600,2HSword,BothHands,Wind,48,Swordsman,Yes,No,슈바이체르샤벨,
1179,Executioner_,Executioner,155,1,1,20,2200,2HSword,BothHands,Dark,48,Swordsman,Yes,No,액서큐셔너,
1180,Dragon_Slayer_,Dragon Slayer,150,1,2,20,1300,2HSword,BothHands,Neutral,48,Swordsman,Yes,No,드래곤슬레이어,
1181,Tae_Goo_Lyeon,Tae Goo Lyeon,250,1,2,20,2000,2HSword,BothHands,Neutral,90,JC_080,Yes,No,태구련,
1182,Bloody_Eater,Bloody Eater,200,1,2,20,1200,2HSword,BothHands,Ghost,50,Swordsman,Yes,No,블러디이터,
1183,Brave_Katzbalger,Brave Katzbalger,200,1,0,20,0,2HSword,BothHands,Neutral,80,Swordsman,Yes,Yes,카츠발게르,
1184,Valorous_Katzbalger,Valorous Katzbalger,200,1,0,20,0,2HSword,BothHands,Neutral,80,Swordsman,Yes,Yes,카츠발게르,
1185,Violet_Fear,Violet Fear,275,1,2,20,2200,2HSword,BothHands,Neutral,80,JC_080,Yes,No,바이올렛피어,1185
1186,Death_Guidance,Death Guidance,200,1,2,20,2000,2HSword,BothHands,Neutral,70,JC_080,Yes,No,죽음의인도자,
1187,Glorious_Claymore,Glorious Claymore,220,1,0,20,0,2HSword,BothHands,Neutral,80,Swordsman,Yes,Yes,크레이모어,
1201,Knife,Knife,17,1,3,50,400,Dagger,MainHand,Neutral,1,DaggerUser,Yes,No,나이프,
1202,Knife_,Knife,17,1,4,50,400,Dagger,MainHand,Neutral,1,DaggerUser,Yes,No,나이프,
1204,Cutter,Cutter,30,1,3,1250,500,Dagger,MainHand,Neutral,1,DaggerUser,Yes,No,커터,
1205,Cutter_,Cutter,30,1,4,1250,500,Dagger,MainHand,Neutral,1,DaggerUser,Yes,No,커터,
1207,Main_Gauche,Main Gauche,43,1,3,2400,600,Dagger,MainHand,Neutral,1,DaggerUser,Yes,No,망고슈,1207
1208,Main_Gauche_,Main Gauche,43,1,4,2400,600,Dagger,MainHand,Neutral,1,DaggerUser,Yes,No,망고슈,
1210,Dirk,Dirk,59,1,2,8500,500,Dagger,MainHand,Neutral,12,DaggerUser,Yes,No,더크,
1211,Dirk_,Dirk,59,1,3,8500,500,Dagger,MainHand,Neutral,12,DaggerUser,Yes,No,더크,
1213,Dagger,Dagger,73,1,2,14000,600,Dagger,MainHand,Neutral,12,DaggerUser,Yes,No,대거,
1214,Dagger_,Dagger,73,1,3,14000,600,Dagger,MainHand,Neutral,12,DaggerUser,Yes,No,대거,
1216,Stiletto,Stiletto,87,1,2,19500,700,Dagger,MainHand,Neutral,12,DaggerUser,Yes,No,스틸레토,1216
1217,Stiletto_,Stiletto,87,1,3,19500,700,Dagger,MainHand,Neutral,12,DaggerUser,Yes,No,스틸레토,
1219,Gladius,Gladius,105,1,2,43000,700,Dagger,MainHand,Neutral,24,DaggerUser1stJob,Yes,No,그라디우스,1219
1220,Gladius_,Gladius,105,1,3,43000,700,Dagger,MainHand,Neutral,24,DaggerUser1stJob,Yes,No,그라디우스,
1222,Damascus,Damascus,118,1,1,49000,800,Dagger,MainHand,Neutral,24,DaggerUser1stJob,Yes,Yes,다마스커스,
1223,Fortune_Sword,Fortune Sword,90,1,0,20,500,Dagger,MainHand,Neutral,24,DaggerUser1stJob,Yes,No,포츈소드,
1224,Swordbreaker,Swordbreaker,70,1,0,20,1000,Dagger,MainHand,Neutral,36,DaggerUser1stJob,Yes,No,소드브레이커,
1225,Mailbreaker,Mailbreaker,70,1,0,20,1000,Dagger,MainHand,Neutral,36,DaggerUser1stJob,Yes,No,메일브레이커,
1226,Damascus_,Damascus,118,1,2,49000,800,Dagger,MainHand,Neutral,24,DaggerUser1stJob,Yes,Yes,다마스커스,
1227,Weeder_Knife,Weeder Knife,80,1,0,20,400,Dagger,MainHand,Neutral,36,DaggerUser1stJob,Yes,No,위더나이프,
1228,Combat_Knife,Combat Knife,80,1,0,20,400,Dagger,MainHand,Neutral,36,DaggerUser1stJob,Yes,No,컴뱃나이프,
1229,Kitchen_Knife,Kitchen Knife,75,1,0,20,500,Dagger,MainHand,Neutral,36,DaggerUser1stJob,Yes,No,식칼,
1230,Ice_pick,Ice pick,80,1,0,20,600,Dagger,MainHand,Neutral,36,DaggerUser1stJob,Yes,No,송곳,
1231,Bazerald,Bazerald,70,1,0,20,500,Dagger,MainHand,Fire,36,DaggerUser1stJob,Yes,No,바제랄드,
1232,Assassin_Dagger,Assassin Dagger,140,1,0,20,600,Dagger,MainHand,Dark,36,Assassin,Yes,No,어새신대거,
1233,Exorciser,Exorciser,90,1,0,20,700,Dagger,MainHand,Neutral,36,DaggerUser1stJob,Yes,No,액서사이즈,
1234,Moonlight_Dagger,Moonlight Dagger,50,1,0,20,700,Dagger,MainHand,Neutral,36,DaggerUser1stJob,Yes,No,월광검,
1235,Azoth,Azoth,110,1,0,20,700,Dagger,MainHand,Neutral,36,Alchemist,Yes,No,아조스,
1236,Sucsamad,Sucsamad,140,1,0,20,800,Dagger,MainHand,Neutral,36,DaggerUser1stJob,Yes,Yes,수크사마드,
1237,Grimtooth,Grimtooth,180,1,0,20,800,Dagger,MainHand,Neutral,36,DaggerUser1stJob,Yes,No,그림투스,
1238,Zeny_Knife,Zeny Knife,64,1,0,20,1200,Dagger,MainHand,Neutral,70,DaggerUser1stJob,Yes,No,제니나이프,1238
1239,Poison_Knife,Poison Knife,64,1,0,20,800,Dagger,MainHand,Poison,65,DaggerUser1stJob,Yes,No,포이즌나이프,1239
1241,Cursed_Dagger,Cursed Dagger,55,1,0,80000,400,Dagger,MainHand,Neutral,85,MagePlusLinker,Yes,No,저주받은단검,
1242,Dagger_of_Counter,Dagger of Counter,140,1,0,120000,550,Dagger,MainHand,Neutral,55,MagePlusLinker,Yes,No,카운터단검,
1243,Novice_Main_Gauche,Novice Main Gauche,45,1,0,1,1,Dagger,MainHand,Neutral,1,NoviceGroup,No,No,망고슈,
1245,Cinquedea,Cinquedea,110,1,1,40000,700,Dagger,MainHand,Neutral,30,NoviceGroup,Yes,No,친퀘디아,
1246,Cinquedea_,Cinquedea,110,1,2,40000,700,Dagger,MainHand,Neutral,30,NoviceGroup,Yes,No,친퀘디아,
1247,Kindle_Dagger,Kindle Dagger,39,1,0,10000,600,Dagger,MainHand,Fire,1,DaggerUser,Yes,No,불쏘시개단검,
1248,Obsidian_Dagger,Obsidian Dagger,39,1,0,10000,600,Dagger,MainHand,Earth,1,DaggerUser,Yes,No,흑요석단검,
1249,Fisherman's_Dagger,Fisherman's Dagger,39,1,0,10000,600,Dagger,MainHand,Water,1,DaggerUser,Yes,No,어부의단검,
1250,Jur,Jur,125,1,2,19500,800,Katar,BothHands,Neutral,18,Assassin,Yes,No,쥬르,
1251,Jur_,Jur,125,1,3,19500,800,Katar,BothHands,Neutral,18,Assassin,Yes,No,쥬르,
1252,Katar,Katar,148,1,1,41000,1200,Katar,BothHands,Neutral,33,Assassin,Yes,No,카타르,
1253,Katar_,Katar,148,1,2,41000,1200,Katar,BothHands,Neutral,33,Assassin,Yes,No,카타르,
1254,Jamadhar,Jamadhar,165,1,0,37200,1500,Katar,BothHands,Neutral,33,Assassin,Yes,No,자마다르,
1255,Jamadhar_,Jamadhar,165,1,1,37200,1500,Katar,BothHands,Neutral,33,Assassin,Yes,No,자마다르,
1256,Katar_of_Frozen_Icicle,Katar of Frozen Icicle,105,1,0,45000,1200,Katar,BothHands,Water,55,Assassin,Yes,No,물의카타르,
1257,Katar_of_Quaking,Katar of Quaking,105,1,0,45000,1200,Katar,BothHands,Earth,55,Assassin,Yes,No,땅의카타르,
1258,Katar_of_Raging_Blaze,Katar of Raging Blaze,105,1,0,45000,1200,Katar,BothHands,Fire,55,Assassin,Yes,No,불의카타르,
1259,Katar_of_Piercing_Wind,Katar of Piercing Wind,105,1,0,45000,1200,Katar,BothHands,Wind,55,Assassin,Yes,No,바람의카타르,
1260,Sharpened_Legbone_of_Ghoul,Sharpened Legbone of Ghoul,150,1,0,52500,1700,Katar,BothHands,Undead,65,Assassin,Yes,No,언데드의카타르,
1261,Infiltrator,Infiltrator,140,1,0,57000,1500,Katar,BothHands,Neutral,75,Assassin,Yes,No,등뒤를베는자,
1262,Loki's_Nail,Loki's Nail,115,1,0,20,1200,Katar,BothHands,Neutral,55,Assassin,Yes,No,로키의손톱,
1263,Unholy_Touch,Unholy Touch,151,1,0,20,1250,Katar,BothHands,Dark,70,Assassin,Yes,Yes,언홀리터치,
1264,Specialty_Jur,Specialty Jur,90,1,4,20,800,Katar,BothHands,Neutral,1,Assassin,Yes,No,바리어스쥬르,
1265,Bloody_Roar,Bloody Roar,120,1,0,20,1000,Katar,BothHands,Neutral,75,Assassin,Yes,No,블러디로어,
1266,Infiltrator_,Infiltrator,140,1,1,57000,1500,Katar,BothHands,Neutral,75,Assassin,Yes,No,등뒤를베는자,
1275,Katar_of_Frozen_Icicle_,Katar of Frozen Icicle,105,1,3,45000,1200,Katar,BothHands,Water,55,Assassin,Yes,No,물의카타르,
1276,Katar_of_Quaking_,Katar of Quaking,105,1,3,45000,1200,Katar,BothHands,Earth,55,Assassin,Yes,No,땅의카타르,
1277,Katar_of_Raging_Blaze_,Katar of Raging Blaze,105,1,3,45000,1200,Katar,BothHands,Fire,55,Assassin,Yes,No,불의카타르,
1278,Katar_of_Piercing_Wind_,Katar of Piercing Wind,105,1,3,45000,1200,Katar,BothHands,Wind,55,Assassin,Yes,No,바람의카타르,
1279,Brave_Katar,Brave Katar,130,1,0,20,0,Katar,BothHands,Neutral,80,Assassin,Yes,Yes,혈루,
1280,Valorous_Katar,Valorous Katar,130,1,0,20,0,Katar,BothHands,Neutral,80,Assassin,Yes,Yes,혈루,
1281,Glorious_Bloody_Roar,Glorious Bloody Roar,140,1,0,20,0,Katar,BothHands,Neutral,80,Assassin,Yes,Yes,블러디로어,
1282,Glorious_Jamadhar,Glorious Jamadhar,140,1,0,20,0,Katar,BothHands,Neutral,80,Assassin,Yes,Yes,자마다르,
1301,Axe,Axe,38,1,3,500,800,Axe,MainHand,Neutral,3,AxeUser,Yes,Yes,액스,
1302,Axe_,Axe,38,1,4,500,800,Axe,MainHand,Neutral,3,AxeUser,Yes,Yes,액스,
1304,Orcish_Axe,Orcish Axe,75,1,0,20,1500,Axe,MainHand,Neutral,3,AxeUser,Yes,Yes,오키쉬액스,
1305,Cleaver,Cleaver,140,1,0,20,120,Axe,MainHand,Neutral,44,SwordsmanMerchant,Yes,Yes,클리버,
1306,War_Axe,War Axe,140,1,1,20,4200,Axe,MainHand,Neutral,76,Merchant2ndJob,Yes,Yes,워액스,
1307,Windhawk,Windhawk,115,1,0,18000,1500,Axe,MainHand,Wind,14,SwordUser1stJob,Yes,Yes,윈드호크,
1309,Orcish_Axe_,Orcish Axe,75,1,4,20,1500,Axe,MainHand,Neutral,3,AxeUser,Yes,Yes,오키쉬액스,
1310,Glorious_Cleaver,Glorious Cleaver,130,1,0,20,0,Axe,MainHand,Neutral,80,SwordsmanMerchant,Yes,Yes,클리버,
1351,Battle_Axe,Battle Axe,80,1,3,5400,1500,2HAxe,BothHands,Neutral,3,SwordsmanMerchant,Yes,Yes,배틀액스,
1352,Battle_Axe_,Battle Axe,80,1,4,5400,1500,2HAxe,BothHands,Neutral,3,SwordsmanMerchant,Yes,Yes,배틀액스,
1354,Hammer,Hammer,120,1,2,15500,2000,2HAxe,BothHands,Neutral,16,SwordsmanMerchant,Yes,Yes,워해머,1354
1355,Hammer_,Hammer,120,1,3,15500,2000,2HAxe,BothHands,Neutral,16,SwordsmanMerchant,Yes,Yes,워해머,
1357,Buster,Buster,155,1,1,34000,2200,2HAxe,BothHands,Neutral,30,SwordsmanMerchant,Yes,Yes,버스터,1357
1358,Buster_,Buster,155,1,2,34000,2200,2HAxe,BothHands,Neutral,30,SwordsmanMerchant,Yes,Yes,버스터,
1360,Two-Handed_Axe,Two-Handed Axe,185,1,1,55000,2500,2HAxe,BothHands,Neutral,30,SwordsmanMerchant,Yes,Yes,투핸드액스,
1361,Two-Handed_Axe_,Two-Handed Axe,185,1,2,55000,2500,2HAxe,BothHands,Neutral,30,SwordsmanMerchant,Yes,Yes,투핸드액스,
1363,Bloody_Axe,Bloody Axe,170,1,0,20,4000,2HAxe,BothHands,Neutral,44,SwordsmanMerchant,Yes,Yes,블러드액스,1363
1364,Great_Axe,Great Axe,187,1,0,20,1800,2HAxe,BothHands,Neutral,44,SwordsmanMerchant,Yes,Yes,그레이트액스,
1365,Sabbath,Sabbath,120,1,0,20,2300,2HAxe,BothHands,Dark,44,SwordsmanMerchant,Yes,Yes,새버스,
1366,Light_Epsilon,Light Epsilon,180,1,0,20,2300,2HAxe,BothHands,Holy,44,SwordsmanMerchant,Yes,Yes,라이트엡실론,1366
1367,Slaughter,Slaughter,120,1,0,20,2500,2HAxe,BothHands,Earth,44,SwordsmanMerchant,Yes,Yes,슬러터,
1368,Tomahawk,Tomahawk,165,1,0,20,2500,2HAxe,BothHands,Wind,44,SwordsmanMerchant,Yes,Yes,토마호크,
1369,Guillotine,Guillotine,215,1,0,20,3000,2HAxe,BothHands,Neutral,44,SwordsmanMerchant,Yes,Yes,길로틴,
1370,Doom_Slayer,Doom Slayer,10,1,0,20,6000,2HAxe,BothHands,Neutral,80,SwordsmanMerchant,Yes,Yes,둠슬레이어,
1371,Doom_Slayer_,Doom Slayer,10,1,1,20,6000,2HAxe,BothHands,Neutral,80,SwordsmanMerchant,Yes,Yes,둠슬레이어,
1375,Bardiche,Bardiche,200,1,2,10000,2500,2HAxe,BothHands,Neutral,70,JC_089,Yes,Yes,버디슈,
1376,Heart_Breaker,Heart Breaker,175,1,1,10000,2000,2HAxe,BothHands,Neutral,70,JC_089,Yes,Yes,하트브레이커,
1377,Hurricane_Fury,Hurricane Fury,332,1,1,10000,3500,2HAxe,BothHands,Neutral,80,JC_089,Yes,Yes,허리케인퓨리,
1379,Brave_Battle_Axe,Brave Battle Axe,200,1,0,20,0,2HAxe,BothHands,Neutral,80,SwordsmanMerchant,Yes,Yes,배틀액스,
1380,Valorous_Battle_Axe,Valorous Battle Axe,200,1,0,20,0,2HAxe,BothHands,Neutral,80,SwordsmanMerchant,Yes,Yes,배틀액스,
1382,Glorious_Two-Handed_Axe,Glorious Two-Handed Axe,220,1,0,20,0,2HAxe,BothHands,Neutral,80,SwordsmanMerchant,Yes,Yes,투핸드액스,
1401,Javelin,Javelin,28,3,3,150,700,Spear,MainHand,Neutral,4,Swordsman,Yes,No,쟈벨린,
1402,Javelin_,Javelin,28,3,4,150,700,Spear,MainHand,Neutral,4,Swordsman,Yes,No,쟈벨린,
1404,Spear,Spear,44,3,3,1700,850,Spear,MainHand,Neutral,4,Swordsman,Yes,No,스피어,
1405,Spear_,Spear,44,3,4,1700,850,Spear,MainHand,Neutral,4,Swordsman,Yes,No,스피어,
1407,Pike,Pike,60,3,3,3450,1000,Spear,MainHand,Neutral,4,Swordsman,Yes,No,파이크,
1408,Pike_,Pike,60,3,4,3450,1000,Spear,MainHand,Neutral,4,Swordsman,Yes,No,파이크,
1410,Lance,Lance,185,3,0,60000,2500,2HSpear,BothHands,Neutral,33,Swordsman,Yes,No,랜스,1410
1411,Lance_,Lance,185,3,0,60000,2500,2HSpear,BothHands,Neutral,33,Swordsman,Yes,No,랜스,
1413,Gungnir,Gungnir,120,3,0,20,500,Spear,MainHand,Wind,4,Swordsman,Yes,No,궁그닐,
1414,Gelerdria,Gelerdria,145,3,0,20,700,Spear,MainHand,Earth,48,Swordsman,Yes,No,겔러드리아,
1415,Brocca,Brocca,100,3,0,20,850,Spear,MainHand,Neutral,48,Swordsman,Yes,No,꼬챙이,
1416,Tjungkuletti,Tjungkuletti,95,3,0,20,1000,Spear,MainHand,Neutral,48,Swordsman,Yes,No,튱클레티,
1417,Pole_Axe,Pole Axe,160,3,1,20,3800,Spear,MainHand,Neutral,71,Swordsman,Yes,No,폴액스,
1418,Gungnir_,Gungnir,120,3,2,20,500,Spear,MainHand,Wind,4,Swordsman,Yes,No,궁그닐,
1420,Long_Horn,Long Horn,150,3,1,10000,1000,Spear,MainHand,Holy,65,JC_080,Yes,Yes,롱혼,
1421,Battle_Hook,Battle Hook,140,3,1,10000,900,Spear,MainHand,Neutral,65,JC_080,Yes,No,배틀훅,
1422,Hunting_Spear,Hunting Spear,180,3,1,10000,4200,Spear,MainHand,Neutral,60,JC_080,Yes,No,헌팅스피어,
1425,Assaulter_Spear,Assaulter Spear,60,3,0,20,0,Spear,MainHand,Neutral,80,Swordsman,Yes,Yes,스피어,
1426,Glorious_Spear,Glorious Spear,130,3,0,20,0,Spear,MainHand,Neutral,80,Swordsman,Yes,Yes,스피어,
1451,Guisarme,Guisarme,84,3,2,13000,1000,2HSpear,BothHands,Neutral,18,Swordsman,Yes,No,귀삼,
1452,Guisarme_,Guisarme,84,3,3,13000,1000,2HSpear,BothHands,Neutral,18,Swordsman,Yes,No,귀삼,
1454,Glaive,Glaive,104,3,2,20000,1200,2HSpear,BothHands,Neutral,18,Swordsman,Yes,No,글레이브,
1455,Glaive_,Glaive,104,3,3,20000,1200,2HSpear,BothHands,Neutral,18,Swordsman,Yes,No,글레이브,
1457,Partizan,Partizan,124,3,1,27000,2000,2HSpear,BothHands,Neutral,18,Swordsman,Yes,No,파티잔,1457
1458,Partizan_,Partizan,124,3,2,27000,2000,2HSpear,BothHands,Neutral,18,Swordsman,Yes,No,파티잔,
1460,Trident,Trident,150,3,2,51000,1200,2HSpear,BothHands,Neutral,33,Swordsman,Yes,No,트라이던트,1460
1461,Trident_,Trident,150,3,3,51000,1200,2HSpear,BothHands,Neutral,33,Swordsman,Yes,No,트라이던트,
1463,Halberd,Halberd,165,3,1,54000,2500,2HSpear,BothHands,Neutral,33,Swordsman,Yes,No,핼버드,1463
1464,Halberd_,Halberd,165,3,2,54000,2500,2HSpear,BothHands,Neutral,33,Swordsman,Yes,No,핼버드,
1466,Crescent_Scythe,Crescent Scythe,180,3,0,20,2500,2HSpear,BothHands,Neutral,48,Swordsman,Yes,No,크레센트사이더,1466
1467,Bill_Guisarme,Bill Guisarme,183,3,0,20,1000,2HSpear,BothHands,Neutral,48,Swordsman,Yes,No,빌귀삼,
1468,Zephyrus,Zephyrus,170,3,0,20,2000,2HSpear,BothHands,Wind,48,Swordsman,Yes,No,제퓨로스,1468
1469,Longinus'_Spear,Longinus' Spear,180,3,0,20,2500,2HSpear,BothHands,Dark,48,Swordsman,Yes,No,롱기누스의창,
1470,Brionac,Brionac,190,3,0,20,3000,2HSpear,BothHands,Holy,48,Swordsman,Yes,No,브류나크,
1471,Hellfire,Hellfire,200,3,0,20,3500,2HSpear,BothHands,Fire,48,Swordsman,Yes,No,헬파이어,
1472,Soul_Staff,Soul Staff,25,1,0,20,1400,Rod,BothHands,Neutral,73,MagePlusLinker,Yes,No,스태프오브소울,1472
1473,Wizardry_Staff,Wizardry Staff,120,1,0,20,2400,Rod,BothHands,Neutral,90,MagePlusLinker,Yes,No,위자드리스태프,1473
1474,Gae_Bolg,Gae Bolg,160,3,0,20,2000,2HSpear,BothHands,Neutral,60,Swordsman,Yes,No,가에볼그,
1476,Crescent_Scythe_,Crescent Scythe,180,3,1,20,2500,2HSpear,BothHands,Neutral,48,Swordsman,Yes,No,크레센트사이더,
1477,Spectral_Spear,Spectral Spear,170,3,0,10000,2000,2HSpear,BothHands,Neutral,75,Swordsman,Yes,No,요괴의창,
1478,Ahlspiess,Ahlspiess,120,3,0,10000,1000,2HSpear,BothHands,Neutral,65,JC_076,Yes,No,알슈피스,
1479,Spectral_Spear_,Spectral Spear,170,3,1,20,2000,2HSpear,BothHands,Neutral,75,Swordsman,Yes,No,요괴의창,
1480,Gae_Bolg_,Gae Bolg,160,3,2,20,2000,2HSpear,BothHands,Neutral,60,Swordsman,Yes,No,가에볼그,
1481,Zephyrus_,Zephyrus,170,3,3,20,2000,2HSpear,BothHands,Wind,48,Swordsman,Yes,No,제퓨로스,
1482,Assaulter_Lance,Assaulter Lance,160,3,0,20,0,2HSpear,BothHands,Neutral,80,Swordsman,Yes,Yes,랜스,
1483,Ivory_Lance,Ivory Lance,160,3,1,20,1000,2HSpear,BothHands,Neutral,50,JC_080,Yes,No,아이보리랜스,
1484,Cardo,Cardo,150,3,1,20,5600,2HSpear,BothHands,Neutral,70,JC_095,Yes,No,카르도,
1485,Battle_Fork,Battle Fork,112,3,4,20,700,2HSpear,BothHands,Neutral,50,JC_080,Yes,No,배틀포크,
1486,Glorious_Lance,Glorious Lance,220,3,0,20,0,2HSpear,BothHands,Neutral,80,Swordsman,Yes,Yes,랜스,
1501,Club,Club,23,1,3,120,700,Mace,MainHand,Neutral,2,MaceUser,Yes,Yes,클럽,
1502,Club_,Club,23,1,4,120,700,Mace,MainHand,Neutral,2,MaceUser,Yes,Yes,클럽,
1504,Mace,Mace,37,1,3,1600,800,Mace,MainHand,Neutral,2,MaceUser,Yes,Yes,메이스,1504
1505,Mace_,Mace,37,1,4,1600,800,Mace,MainHand,Neutral,2,MaceUser,Yes,Yes,메이스,
1507,Smasher,Smasher,54,1,2,9000,1000,Mace,MainHand,Neutral,14,MaceUser,Yes,Yes,스매셔,
1508,Smasher_,Smasher,54,1,3,9000,1000,Mace,MainHand,Neutral,14,MaceUser,Yes,Yes,스매셔,
1510,Flail,Flail,69,1,2,16000,900,Mace,MainHand,Neutral,14,MaceUser1stJob,Yes,Yes,플레일,
1511,Flail_,Flail,69,1,3,16000,900,Mace,MainHand,Neutral,14,MaceUser1stJob,Yes,Yes,플레일,
1513,Morning_Star,Morning Star,110,1,1,41000,1500,Mace,MainHand,Neutral,27,MaceUser1stJob,Yes,Yes,모닝스타,
1514,Morning_Star_,Morning Star,110,1,2,41000,1500,Mace,MainHand,Neutral,27,MaceUser1stJob,Yes,Yes,모닝스타,
1516,Sword_Mace,Sword Mace,130,1,0,50000,1200,Mace,MainHand,Neutral,27,MaceUser1stJob,Yes,Yes,소드메이스,1516
1517,Sword_Mace_,Sword Mace,130,1,1,50000,1200,Mace,MainHand,Neutral,27,MaceUser1stJob,Yes,Yes,소드메이스,
1519,Chain,Chain,84,1,2,23000,800,Mace,MainHand,Neutral,14,MaceUser1stJob,Yes,Yes,체인,1519
1520,Chain_,Chain,84,1,3,23000,800,Mace,MainHand,Neutral,14,MaceUser1stJob,Yes,Yes,체인,
1522,Stunner,Stunner,140,1,0,60000,2000,Mace,MainHand,Neutral,27,Acolyte,Yes,Yes,스터너,1522
1523,Spike,Spike,85,1,0,20,700,Mace,MainHand,Neutral,40,Acolyte,Yes,Yes,스파이크,
1524,Golden_Mace,Golden Mace,110,1,1,20,800,Mace,MainHand,Neutral,40,Acolyte,Yes,Yes,골든메이스,1524
1525,Long_Mace,Long Mace,135,3,0,20,800,Mace,MainHand,Neutral,40,Acolyte,Yes,Yes,롱메이스,
1526,Slash,Slash,145,1,0,20,1000,Mace,MainHand,Neutral,40,Acolyte,Yes,Yes,슬래쉬,
1527,Quadrille,Quadrille,165,1,0,20,900,Mace,MainHand,Neutral,40,Acolyte,Yes,Yes,쿼드릴,
1528,Grand_Cross,Grand Cross,140,1,0,20,1500,Mace,MainHand,Holy,40,Acolyte,Yes,Yes,그랜드크로스,
1529,Iron_Driver,Iron Driver,155,2,0,20,3000,Mace,MainHand,Neutral,78,Acolyte2ndJob,Yes,Yes,아이언드라이버,1529
1530,Mjolnir,Mjolnir,250,1,0,20,6000,Mace,MainHand,Wind,95,SwordsmanMerchant,No,Yes,묘르닐,
1531,Wrench,Wrench,115,1,0,20,2500,Mace,MainHand,Neutral,55,Acolyte,Yes,Yes,스패너,1531
1532,Stunner_,Stunner,140,1,2,60000,2000,Mace,MainHand,Neutral,27,Acolyte,Yes,Yes,스터너,
1538,Spike_,Spike,85,1,2,20,700,Mace,MainHand,Neutral,40,Acolyte,Yes,Yes,스파이크,
1539,Golden_Mace_,Golden Mace,110,1,2,20,800,Mace,MainHand,Neutral,40,Acolyte,Yes,Yes,골든메이스,
1540,Grand_Cross_,Grand Cross,140,1,1,20,1500,Mace,MainHand,Holy,40,Acolyte,Yes,Yes,그랜드크로스,
1541,Nemesis,Nemesis,120,1,0,20,900,Mace,MainHand,Holy,60,Acolyte,Yes,Yes,네메시스,
1542,Brave_Morning_Star,Brave Morning Star,105,1,0,20,0,Mace,MainHand,Neutral,80,MaceUser,Yes,Yes,모닝스타,
1543,Valorous_Morning_Star,Valorous Morning Star,105,1,0,20,0,Mace,MainHand,Neutral,80,MaceUser,Yes,Yes,모닝스타,
1544,Lunakaligo,Lunakaligo,110,1,3,20,700,Mace,MainHand,Neutral,50,JC_084,Yes,No,루나칼리고,
1546,Glorious_Morning_Star,Glorious Morning Star,130,1,0,20,0,Mace,MainHand,Neutral,80,MaceUser,Yes,Yes,플레일,
1550,Book,Book,85,1,3,30000,600,Book,MainHand,Neutral,14,BookUser,Yes,Yes,북,1550
1551,Bible,Bible,115,1,2,60000,1000,Book,MainHand,Neutral,27,BookUser,Yes,Yes,바이블,
1552,Tablet,Tablet,125,1,1,51000,800,Book,MainHand,Neutral,27,BookUser,Yes,Yes,타블렛,
1553,Book_of_Billows,Book of Billows,90,1,0,35000,750,Book,MainHand,Water,27,BookUser,Yes,Yes,물의책,1553
1554,Book_of_Mother_Earth,Book of Mother Earth,90,1,0,35000,750,Book,MainHand,Earth,27,BookUser,Yes,Yes,땅의책,1554
1555,Book_of_Blazing_Sun,Book of Blazing Sun,90,1,0,35000,750,Book,MainHand,Fire,27,BookUser,Yes,Yes,불의책,1555
1556,Book_of_Gust_of_Wind,Book of Gust of Wind,90,1,0,35000,750,Book,MainHand,Wind,27,BookUser,Yes,Yes,바람의책,1556
1557,Book_of_the_Apocalypse,Book of the Apocalypse,120,1,0,60000,800,Book,MainHand,Dark,40,BookUser,Yes,Yes,묵시록,1557
1558,Girl's_Diary,Girl's Diary,60,1,1,1500,300,Book,MainHand,Neutral,40,BookUser,Yes,Yes,소녀의일기장,1558
1559,Legacy_of_Dragon,Legacy of Dragon,130,1,0,20,700,Book,MainHand,Neutral,70,BookUser,Yes,Yes,드래곤의유산,
1560,Sage's_Diary,Sage's Diary,100,1,2,20,1100,Book,MainHand,Neutral,60,BookUser,Yes,Yes,현자의일기,
1561,Hardcover_Book,Hardcover Book,140,1,1,20,1500,Book,MainHand,Neutral,55,BookUser,Yes,Yes,양장본,
1564,Encyclopedia,Encyclopedia,110,1,2,10000,2000,Book,MainHand,Neutral,70,BookUser,Yes,No,대백과사전,
1565,Ledger_of_Death,Ledger of Death,137,1,2,10000,1000,Book,MainHand,Neutral,85,BookUser,Yes,No,사신의명부,
1568,Book_of_Billows_,Book of Billows,90,1,3,35000,750,Book,MainHand,Water,27,BookUser,Yes,Yes,물의책,
1569,Book_of_Mother_Earth_,Book of Mother Earth,90,1,3,35000,750,Book,MainHand,Earth,27,BookUser,Yes,Yes,땅의책,
1570,Book_of_Blazing_Sun_,Book of Blazing Sun,90,1,3,35000,750,Book,MainHand,Fire,27,BookUser,Yes,Yes,불의책,
1571,Book_of_Gust_of_Wind_,Book of Gust of Wind,90,1,3,35000,750,Book,MainHand,Wind,27,BookUser,Yes,Yes,바람의책,
1572,Principles_of_Magic,Principles of Magic,60,1,2,20,300,Book,MainHand,Neutral,60,BookUser,Yes,Yes,마법의정석,
1573,Ancient_Magic,Ancient Magic,30,1,2,20,700,Book,MainHand,Neutral,70,BookUser,Yes,Yes,고대의마법,
1574,Brave_Book,Brave Book,90,1,0,20,0,Book,MainHand,Neutral,80,BookUser,Yes,Yes,바이블,
1575,Valorous_Book,Valorous Book,90,1,0,20,0,Book,MainHand,Neutral,80,BookUser,Yes,Yes,바이블,
1576,Glorious_Tablet,Glorious Tablet,90,1,0,20,0,Book,MainHand,Neutral,80,BookUser,Yes,Yes,타블렛,
1577,Glorious_Book,Glorious Book,90,1,0,20,0,Book,MainHand,Neutral,80,BookUser,Yes,Yes,묵시록,
1599,Angra_Manyu,Angra Manyu,200,2,0,1,10,Mace,MainHand,Neutral,1,AllJobs,Yes,Yes,앙그라마이뉴,
1601,Rod,Rod,15,1,3,50,400,Rod,MainHand,Neutral,1,NoviceCasterGroup,Yes,Yes,롯드,
1602,Rod_,Rod,15,1,4,50,400,Rod,MainHand,Neutral,1,NoviceCasterGroup,Yes,Yes,롯드,
1604,Wand,Wand,25,1,2,2500,400,Rod,MainHand,Neutral,12,NoviceCasterGroup,Yes,Yes,완드,
1605,Wand_,Wand,25,1,3,2500,400,Rod,MainHand,Neutral,12,NoviceCasterGroup,Yes,Yes,완드,
1607,Staff,Staff,40,1,2,9500,400,Rod,MainHand,Neutral,12,CasterGroup,Yes,Yes,스태프,
1608,Staff_,Staff,40,1,3,9500,400,Rod,MainHand,Neutral,12,CasterGroup,Yes,Yes,스태프,
1610,Arc_Wand,Arc Wand,60,1,1,45000,400,Rod,MainHand,Neutral,24,CasterGroup,Yes,Yes,아크완드,1610
1611,Arc_Wand_,Arc Wand,60,1,2,45000,400,Rod,MainHand,Neutral,24,CasterGroup,Yes,Yes,아크완드,
1613,Mighty_Staff,Mighty Staff,130,1,0,20,700,Rod,MainHand,Neutral,24,CasterGroup,Yes,Yes,마이트스태프,1613
1614,Wand_of_Occult,Wand of Occult,75,1,0,20,700,Rod,MainHand,Neutral,24,CasterGroup,Yes,Yes,신관의지팡이,1614
1615,Evil_Bone_Wand,Evil Bone Wand,40,1,0,20,700,Rod,MainHand,Undead,24,CasterGroup,Yes,Yes,해골지팡이,1615
1616,Wing_Staff,Wing Staff,60,1,0,20,500,Rod,MainHand,Wind,40,MagePlusLinker,Yes,Yes,스태프오브윙,
1617,Survivor's_Rod,Survivor's Rod,50,1,0,85000,1000,Rod,MainHand,Neutral,24,CasterGroup,Yes,Yes,생존의지팡이,
1618,Survivor's_Rod_,Survivor's Rod,50,1,1,85000,1000,Rod,MainHand,Neutral,24,CasterGroup,Yes,Yes,생존의지팡이,
1619,Survivor's_Rod__,Survivor's Rod,50,1,0,85000,1000,Rod,MainHand,Neutral,24,CasterGroup,Yes,Yes,생존의지팡이2,
1620,Survivor's_Rod___,Survivor's Rod,50,1,1,85000,1000,Rod,MainHand,Neutral,24,CasterGroup,Yes,Yes,생존의지팡이2,
1621,Hypnotist's_Staff,Hypnotist's Staff,70,1,1,43000,500,Rod,MainHand,Neutral,30,NoviceGroup,Yes,Yes,최면술사지팡이,
1622,Hypnotist's_Staff_,Hypnotist's Staff,70,1,2,20,500,Rod,MainHand,Neutral,30,NoviceGroup,Yes,Yes,최면술사지팡이,
1624,Lich's_Bone_Wand,Lich's Bone Wand,60,1,2,10000,800,Rod,MainHand,Undead,70,JC_086,Yes,No,리치해골지팡이,
1625,Healing_Staff,Healing Staff,10,1,0,10000,400,Rod,MainHand,Holy,55,Acolyte,Yes,No,치유의지팡이,
1626,Piercing_Staff,Piercing Staff,80,1,0,10000,500,Rod,MainHand,Neutral,70,JC_086,Yes,No,스태프오브피어싱,
1629,Gentleman_Staff,Gentleman Staff,40,1,1,20,500,Rod,MainHand,Neutral,50,CasterGroup,Yes,Yes,신사의지팡이,
1630,Release_of_Wish,Release of Wish,30,1,0,20,500,Rod,MainHand,Neutral,50,MagePlusLinker,Yes,Yes,릴리즈오브위스,
1631,Holy_Stick,Holy Stick,50,1,1,20,500,Rod,MainHand,Holy,70,Acolyte2ndJob,Yes,Yes,홀리스틱,
1632,Brave_Arc_Wand,Brave Arc Wand,70,1,0,20,0,Rod,MainHand,Neutral,80,CasterGroup,Yes,Yes,마이트스태프,
1633,Valorous_Arc_Wand,Valorous Arc Wand,70,1,0,20,0,Rod,MainHand,Neutral,80,CasterGroup,Yes,Yes,마이트스태프,
1634,Brave_Recovery_Wand,Brave Recovery Wand,70,1,0,20,0,Rod,MainHand,Neutral,80,CasterGroup,Yes,Yes,최면술사지팡이,
1635,Valorous_Recovery_Wand,Valorous Recovery Wand,70,1,0,20,0,Rod,MainHand,Neutral,80,CasterGroup,Yes,Yes,최면술사지팡이,
1636,Thorn_Staff_of_Darkness,Thorn Staff of Darkness,60,1,0,20,700,Rod,MainHand,Dark,75,JC_086,Yes,Yes,해골지팡이,
1637,Eraser,Eraser,80,1,0,20,500,Rod,MainHand,Neutral,70,JC_086,Yes,No,이레이저,
1639,Novice_Rod,Novice Rod,15,1,3,0,0,Rod,MainHand,Neutral,1,NoviceCasterGroup,No,Yes,롯드,
1640,Glorious_Arc_Wand,Glorious Arc Wand,70,1,0,20,0,Rod,MainHand,Neutral,80,CasterGroup,Yes,Yes,최면술사지팡이,
1641,Glorious_Recovery_Wand,Glorious Recovery Wand,70,1,0,20,0,Rod,MainHand,Neutral,80,CasterGroup,Yes,Yes,최면술사지팡이,
1701,Bow,Bow,15,5,3,1000,500,Bow,BothHands,Neutral,4,ArcherThief,Yes,No,보우,
1702,Bow_,Bow,15,5,4,1000,500,Bow,BothHands,Neutral,4,ArcherThief,Yes,No,보우,
1704,Composite_Bow,Composite Bow,29,5,3,2500,600,Bow,BothHands,Neutral,4,ArcherThief,Yes,No,컴포지트보우,
1705,Composite_Bow_,Composite Bow,29,5,4,2500,600,Bow,BothHands,Neutral,4,ArcherThief,Yes,No,컴포지트보우,
1707,Great_Bow,Great Bow,50,5,2,10000,1000,Bow,BothHands,Neutral,18,ArcherThief,Yes,No,그레이트보우,
1708,Great_Bow_,Great Bow,50,5,3,10000,1000,Bow,BothHands,Neutral,18,ArcherThief,Yes,No,그레이트보우,
1710,Cross_Bow,Cross Bow,65,5,2,17000,900,Bow,BothHands,Neutral,18,ArcherThief,Yes,No,크로스보우,1710
1711,Cross_Bow_,Cross Bow,65,5,3,17000,900,Bow,BothHands,Neutral,18,ArcherThief,Yes,No,크로스보우,
1713,Arbalest_Bow,Arbalest Bow,90,5,1,48000,1000,Bow,BothHands,Neutral,33,ArcherThief,Yes,No,알바레스트,1713
1714,Gakkung_Bow,Gakkung Bow,100,5,1,42000,1100,Bow,BothHands,Neutral,33,ArcherThief,Yes,No,각궁,1714
1715,Arbalest_Bow_,Arbalest Bow,90,5,2,48000,1000,Bow,BothHands,Neutral,33,ArcherThief,Yes,No,알바레스트,
1716,Gakkung_Bow_,Gakkung Bow,100,5,2,42000,1100,Bow,BothHands,Neutral,33,ArcherThief,Yes,No,각궁,
1718,Hunter_Bow,Hunter Bow,125,5,0,64000,1500,Bow,BothHands,Neutral,33,Hunter,Yes,No,헌터보우,1718
1719,Roguemaster's_Bow,Roguemaster's Bow,75,11,0,20,500,Bow,BothHands,Neutral,48,ThiefGroup,Yes,No,도둑의활,
1720,Rudra_Bow,Rudra Bow,150,5,0,20,1200,Bow,BothHands,Holy,48,ArcherRogue,Yes,No,루드라의활,1720
1721,Repeating_Crossbow,Repeating Crossbow,95,9,1,89000,2000,Bow,BothHands,Neutral,65,ThiefHunter,Yes,No,리피팅크로스,
1722,Ballista,Ballista,145,5,0,124000,3500,Bow,BothHands,Neutral,77,Archer2ndJob,Yes,No,발리스타,
1723,Luna_Bow,Luna Bow,100,5,2,20,2000,Bow,BothHands,Neutral,30,Hunter,Yes,No,루나보우,
1724,Dragon_Wing,Dragon Wing,100,5,0,20,1200,Bow,BothHands,Neutral,60,ArcherThief,Yes,No,드래곤윙,
1726,Hunter_Bow_,Hunter Bow,125,5,1,64000,1500,Bow,BothHands,Neutral,33,Hunter,Yes,No,헌터보우,
1727,Ballista_,Ballista,145,5,1,124000,3500,Bow,BothHands,Neutral,77,Archer2ndJob,Yes,No,발리스타,
1730,Burning_Bow,Burning Bow,95,5,1,10000,1400,Bow,BothHands,Neutral,55,ArcherRogue,Yes,No,불타는활,
1731,Frozen_Bow,Frozen Bow,100,5,1,10000,1400,Bow,BothHands,Neutral,55,ArcherRogue,Yes,No,냉각의활,
1732,Earthen_Bow,Earthen Bow,105,5,1,10000,1400,Bow,BothHands,Neutral,55,ArcherRogue,Yes,No,대지의활,
1733,Gust_Bow,Gust Bow,95,5,1,10000,1400,Bow,BothHands,Neutral,55,ArcherRogue,Yes,No,질풍의활,
1734,Orc_Archer_Bow,Orc Archer Bow,120,5,0,10000,1600,Bow,BothHands,Neutral,65,ArcherRogue,Yes,No,오크아쳐의활,
1738,Brave_Cross_Bow,Brave Cross Bow,100,5,0,20,0,Bow,BothHands,Neutral,80,ArcherThief,Yes,Yes,크로스보우,
1739,Valorous_Cross_Bow,Valorous Cross Bow,100,5,0,20,0,Bow,BothHands,Neutral,80,ArcherThief,Yes,Yes,크로스보우,
1741,Cursed_Lyre,Cursed Lyre,125,5,1,20,1250,Bow,BothHands,Neutral,80,JC_085,Yes,No,커즈드라이어,
1743,Glorious_Bow,Glorious Bow,100,5,0,20,0,Bow,BothHands,Neutral,80,ArcherThief,Yes,Yes,헌터보우,
1801,Waghnak,Waghnak,30,1,3,8000,400,Knuckle,MainHand,Neutral,1,Acolyte2ndJob,Yes,No,바그낙,1801
1802,Waghnak_,Waghnak,30,1,4,8000,400,Knuckle,MainHand,Neutral,1,Acolyte2ndJob,Yes,No,바그낙,
1803,Knuckle_Dusters,Knuckle Dusters,50,1,2,25000,450,Knuckle,MainHand,Neutral,12,Acolyte2ndJob,Yes,No,너클더스터,1803
1804,Knuckle_Dusters_,Knuckle Dusters,50,1,3,25000,450,Knuckle,MainHand,Neutral,12,Acolyte2ndJob,Yes,No,너클더스터,
1805,Studded_Knuckles,Studded Knuckles,65,1,2,32000,450,Knuckle,MainHand,Neutral,12,Acolyte2ndJob,Yes,No,호라,1805
1806,Studded_Knuckles_,Studded Knuckles,65,1,3,32000,450,Knuckle,MainHand,Neutral,12,Acolyte2ndJob,Yes,No,호라,
1807,Fist,Fist,115,1,0,53000,650,Knuckle,MainHand,Neutral,24,Acolyte2ndJob,Yes,No,피스트,1807
1808,Fist_,Fist,115,1,1,53000,650,Knuckle,MainHand,Neutral,24,Acolyte2ndJob,Yes,No,피스트,
1809,Claw,Claw,86,1,1,67000,500,Knuckle,MainHand,Neutral,24,Acolyte2ndJob,Yes,No,크로,1809
1810,Claw_,Claw,86,1,2,67000,500,Knuckle,MainHand,Neutral,24,Acolyte2ndJob,Yes,No,크로,
1811,Finger,Finger,97,1,1,58000,500,Knuckle,MainHand,Neutral,24,Acolyte2ndJob,Yes,No,핑거,1811
1812,Finger_,Finger,97,1,2,58000,500,Knuckle,MainHand,Neutral,24,Acolyte2ndJob,Yes,No,핑거,
1813,Kaiser_Knuckle,Kaiser Knuckle,110,1,0,20,450,Knuckle,MainHand,Wind,36,Acolyte2ndJob,Yes,No,카이저너클,1813
1814,Berserk,Berserk,120,1,0,20,500,Knuckle,MainHand,Neutral,36,Acolyte2ndJob,Yes,No,베르세르크,1814
1815,Hati_Claw,Hati Claw,152,1,1,20,550,Knuckle,MainHand,Dark,70,Acolyte2ndJob,Yes,No,가름의발톱,
1816,Berserk_,Berserk,120,1,1,20,500,Knuckle,MainHand,Neutral,36,Acolyte2ndJob,Yes,No,베르세르크,
1818,Magma_Fist,Magma Fist,80,1,3,10000,650,Knuckle,MainHand,Neutral,75,Acolyte2ndJob,Yes,No,마그마피스트,
1819,Icicle_Fist,Icicle Fist,80,1,3,10000,650,Knuckle,MainHand,Neutral,75,Acolyte2ndJob,Yes,No,아이시클피스트,
1820,Electric_Fist,Electric Fist,80,1,3,10000,650,Knuckle,MainHand,Neutral,75,Acolyte2ndJob,Yes,No,일렉트릭피스트,
1821,Seismic_Fist,Seismic Fist,80,1,3,10000,650,Knuckle,MainHand,Neutral,75,Acolyte2ndJob,Yes,No,사이즈믹피스트,
1822,Combo_Battle_Glove,Combo Battle Glove,30,1,4,10000,500,Knuckle,MainHand,Neutral,60,Acolyte2ndJob,Yes,No,연격의투갑,
1823,Brave_Fist,Brave Fist,30,1,0,20,0,Knuckle,MainHand,Neutral,80,Acolyte2ndJob,Yes,Yes,피스트,
1824,Valorous_Fist,Valorous Fist,30,1,0,20,0,Knuckle,MainHand,Neutral,80,Acolyte2ndJob,Yes,Yes,피스트,
1826,Glorious_Claw,Glorious Claw,30,1,0,20,0,Knuckle,MainHand,Neutral,80,Acolyte2ndJob,Yes,Yes,크로,
1827,Glorious_Fist,Glorious Fist,30,1,0,20,0,Knuckle,MainHand,Neutral,80,Acolyte2ndJob,Yes,Yes,피스트,
1901,Violin,Violin,50,1,3,4000,700,Instrument,MainHand,Neutral,2,Bard,Yes,No,바이올린,
1902,Violin_,Violin,50,1,4,4000,700,Instrument,MainHand,Neutral,2,Bard,Yes,No,바이올린,
1903,Mandolin,Mandolin,90,1,2,18000,400,Instrument,MainHand,Neutral,14,Bard,Yes,No,만돌린,
1904,Mandolin_,Mandolin,90,1,3,18000,400,Instrument,MainHand,Neutral,14,Bard,Yes,No,만돌린,
1905,Lute,Lute,105,1,2,24500,500,Instrument,MainHand,Neutral,14,Bard,Yes,No,류트,
1906,Lute_,Lute,105,1,3,24500,500,Instrument,MainHand,Neutral,14,Bard,Yes,No,류트,
1907,Guitar,Guitar,142,1,0,47000,900,Instrument,MainHand,Neutral,27,Bard,Yes,No,기타,
1908,Guitar_,Guitar,142,1,1,47000,900,Instrument,MainHand,Neutral,27,Bard,Yes,No,기타,
1909,Harp,Harp,114,1,1,62000,900,Instrument,MainHand,Neutral,27,Bard,Yes,No,하프,
1910,Harp_,Harp,114,1,2,62000,900,Instrument,MainHand,Neutral,27,Bard,Yes,No,하프,
1911,Gumoongoh,Gumoongoh,126,1,1,54000,1300,Instrument,MainHand,Neutral,27,Bard,Yes,No,거문고,
1912,Gumoongoh_,Gumoongoh,126,1,2,54000,1300,Instrument,MainHand,Neutral,27,Bard,Yes,No,거문고,
1913,Electric_Guitar,Electric Guitar,110,1,0,20,1800,Instrument,MainHand,Wind,70,Bard,Yes,Yes,전자기타,
1914,Burning_Passion_Guitar,Burning Passion Guitar,110,1,0,20,900,Instrument,MainHand,Fire,27,Bard,Yes,No,불의기타,
1915,Loner's_Guitar,Loner's Guitar,110,1,0,20,900,Instrument,MainHand,Water,27,Bard,Yes,No,물의기타,
1916,Green_Acre_Guitar,Green Acre Guitar,110,1,0,20,900,Instrument,MainHand,Earth,27,Bard,Yes,No,땅의기타,
1917,Gentle_Breeze_Guitar,Gentle Breeze Guitar,110,1,0,20,900,Instrument,MainHand,Wind,27,Bard,Yes,No,바람의기타,
1918,Oriental_Lute,Oriental Lute,150,1,0,20,1200,Instrument,MainHand,Neutral,65,Bard,Yes,No,비파,
1922,Oriental_Lute_,Oriental Lute,150,1,2,20,1200,Instrument,MainHand,Neutral,65,Bard,Yes,No,비파,
1923,Brave_Guitar,Brave Guitar,50,1,0,20,0,Instrument,MainHand,Neutral,80,Bard,Yes,Yes,기타,
1924,Valorous_Guitar,Valorous Guitar,50,1,0,20,0,Instrument,MainHand,Neutral,80,Bard,Yes,Yes,기타,
1927,Glorious_Guitar,Glorious Guitar,50,1,0,20,0,Instrument,MainHand,Neutral,80,Bard,Yes,Yes,베이스기타,
1950,Rope,Rope,45,2,3,2500,400,Whip,MainHand,Neutral,3,Dancer,Yes,No,로프,
1951,Rope_,Rope,45,2,4,2500,400,Whip,MainHand,Neutral,3,Dancer,Yes,No,로프,
1952,Cord,Cord,80,2,2,12000,300,Whip,MainHand,Neutral,16,Dancer,Yes,No,라인,
1953,Cord_,Cord,80,2,3,12000,300,Whip,MainHand,Neutral,16,Dancer,Yes,No,라인,
1954,Wire_Whip,Wire Whip,95,2,2,17500,1000,Whip,MainHand,Neutral,16,Dancer,Yes,No,와이어,
1955,Wire_Whip_,Wire Whip,95,2,3,17500,1000,Whip,MainHand,Neutral,16,Dancer,Yes,No,와이어,
1956,Rante_Whip,Rante Whip,135,2,0,32000,900,Whip,MainHand,Neutral,30,Dancer,Yes,No,란테,1956
1957,Rante_Whip_,Rante Whip,135,2,1,32000,900,Whip,MainHand,Neutral,30,Dancer,Yes,No,란테,
1958,Tail_Whip,Tail Whip,105,2,1,41000,700,Whip,MainHand,Neutral,30,Dancer,Yes,No,테일,1958
1959,Tail_Whip_,Tail Whip,105,2,2,41000,700,Whip,MainHand,Neutral,30,Dancer,Yes,No,테일,
1960,Leather_Whip,Leather Whip,120,2,1,38000,700,Whip,MainHand,Neutral,30,Dancer,Yes,No,휩,1960
1961,Leather_Whip_,Leather Whip,120,2,2,38000,700,Whip,MainHand,Neutral,30,Dancer,Yes,No,휩,
1962,Lariat_Whip,Lariat Whip,100,2,0,20,400,Whip,MainHand,Neutral,44,Dancer,Yes,No,라리어트,
1963,Rapture_Rose,Rapture Rose,115,2,0,20,300,Whip,MainHand,Poison,44,Dancer,Yes,No,랩쳐로즈,
1964,Chemeti_Whip,Chemeti Whip,135,2,0,20,700,Whip,MainHand,Neutral,44,Dancer,Yes,No,슈메티,
1965,Red_Flame_Whip,Red Flame Whip,110,2,0,20,700,Whip,MainHand,Fire,30,Dancer,Yes,No,불의채찍,
1966,Icicle_Whip,Icicle Whip,110,2,0,20,700,Whip,MainHand,Water,30,Dancer,Yes,No,물의채찍,
1967,Gaia_Whip,Gaia Whip,110,2,0,20,700,Whip,MainHand,Earth,30,Dancer,Yes,No,땅의채찍,
1968,Skipping_Rope,Skipping Rope,120,2,0,20,400,Whip,MainHand,Neutral,30,Dancer,Yes,No,줄넘기,
1969,Blade_Whip,Blade Whip,140,2,0,20,1200,Whip,MainHand,Neutral,30,Dancer,Yes,No,블레이드휩,
1970,Queen's_Whip,Queen's Whip,150,2,0,20,1100,Whip,MainHand,Neutral,65,Dancer,Yes,No,여왕님의채찍,
1971,Electric_Wire,Electric Wire,110,2,0,20,700,Whip,MainHand,Wind,30,Dancer,Yes,No,바람의채찍,
1976,Queen's_Whip_,Queen's Whip,150,2,2,20,1100,Whip,MainHand,Neutral,65,Dancer,Yes,No,여왕님의채찍,
1977,Brave_Lariat,Brave Lariat,50,2,0,20,0,Whip,MainHand,Neutral,80,Dancer,Yes,Yes,라리어트,
1978,Valorous_Lariat,Valorous Lariat,50,2,0,20,0,Whip,MainHand,Neutral,80,Dancer,Yes,Yes,라리어트,
1981,Glorious_Lariat,Glorious Lariat,50,2,0,20,0,Whip,MainHand,Neutral,80,Dancer,Yes,Yes,라리어트,
2000,Staff_of_Destruction,Staff of Destruction,130,1,1,20,2500,2HRod,BothHands,Neutral,80,JC_099,Yes,No,디스트럭션롯드,
2001,Divine_Cross,Divine Cross,120,1,0,20,1500,2HRod,BothHands,Holy,70,Acolyte2ndJob,Yes,No,디바인크로스,
2002,Glorious_Staff,Glorious Staff,70,1,0,20,0,2HRod,MainHand,Neutral,80,CasterGroup,Yes,Yes,위자드리스태프,
13000,Jujube_Dagger,Jujube Dagger,39,1,0,10000,600,Dagger,MainHand,Wind,1,DaggerUser,Yes,No,대추나무단검,
13001,Dragon_Killer,Dragon Killer,110,1,0,20,900,Dagger,MainHand,Neutral,60,DaggerUser,Yes,No,드래곤킬러,
13002,Ginnungagap,Ginnungagap,148,1,0,20,700,Dagger,MainHand,Dark,70,DaggerUser,Yes,No,간눙가가프,
13003,Cowardice_Blade,Cowardice Blade,80,1,1,52000,700,Dagger,MainHand,Neutral,55,StealthGroup,Yes,No,코워드,
13004,Cowardice_Blade_,Cowardice Blade,80,1,2,52000,700,Dagger,MainHand,Neutral,55,StealthGroup,Yes,No,코워드,
13006,Khukri,Khukri,150,1,0,240000,600,Dagger,MainHand,Dark,65,Ninja,Yes,No,고쿠린,
13007,Jitte,Jitte,70,1,0,20000,400,Dagger,MainHand,Neutral,35,Ninja,Yes,No,짓테,
13008,Jitte_,Jitte,70,1,1,20000,400,Dagger,MainHand,Neutral,35,Ninja,Yes,No,짓테,
13009,Kamaitachi,Kamaitachi,125,2,0,48000,900,Dagger,MainHand,Wind,70,Ninja,Yes,No,카마이타치,
13010,Asura,Asura,50,1,2,3000,600,Dagger,MainHand,Neutral,12,Ninja,Yes,No,아슈라,
13011,Asura_,Asura,50,1,3,3000,600,Dagger,MainHand,Neutral,12,Ninja,Yes,No,아슈라,
13012,Murasame,Murasame,95,1,1,20,700,Dagger,MainHand,Water,24,Ninja,Yes,No,무라사메,
13013,Murasame_,Murasame,95,1,2,20,700,Dagger,MainHand,Water,24,Ninja,Yes,No,무라사메,
13014,Hakujin,Hakujin,120,1,0,20,800,Dagger,MainHand,Neutral,42,Ninja,Yes,No,하쿠진,
13015,Hakujin_,Hakujin,120,1,1,20,800,Dagger,MainHand,Neutral,42,Ninja,Yes,No,하쿠진,
13016,Poison_Knife_,Poison Knife,64,1,2,20,800,Dagger,MainHand,Poison,65,DaggerUser1stJob,Yes,No,포이즌나이프,
13017,Ice_Pick,Ice Pick,70,1,1,20,600,Dagger,MainHand,Neutral,36,DaggerUser1stJob,Yes,No,송곳,
13018,Sucsamad_,Sucsamad,140,1,1,20,800,Dagger,MainHand,Neutral,36,DaggerUser1stJob,Yes,Yes,수크사마드,
13019,Ginnungagap_,Ginnungagap,148,1,1,20,700,Dagger,MainHand,Dark,70,DaggerUser,Yes,No,간눙가가프,
13027,Scalpel,Scalpel,120,1,3,10000,500,Dagger,MainHand,Neutral,55,JC_091,Yes,No,메스,
13028,Tooth_Blade,Tooth Blade,130,1,1,10000,700,Dagger,MainHand,Neutral,55,JC_091,Yes,No,투스블레이드,
13030,Dragon_Killer_,Dragon Killer,110,1,2,20,900,Dagger,MainHand,Neutral,60,DaggerUser,Yes,No,드래곤킬러,
13031,Swordbreaker_,Swordbreaker,70,1,3,20,1000,Dagger,MainHand,Neutral,36,DaggerUser1stJob,Yes,No,소드브레이커,
13032,Mailbreaker_,Mailbreaker,70,1,3,20,1000,Dagger,MainHand,Neutral,36,DaggerUser1stJob,Yes,No,메일브레이커,
13033,Assassin_Dagger_,Assassin Dagger,140,1,1,20,600,Dagger,MainHand,Dark,36,Assassin,Yes,No,어새신대거,
13036,Brave_Damascus,Brave Damascus,120,1,0,20,0,Dagger,MainHand,Neutral,80,DaggerUser,Yes,Yes,다마스커스,
13037,Valorous_Damascus,Valorous Damascus,120,1,0,20,0,Dagger,MainHand,Neutral,80,DaggerUser,Yes,Yes,다마스커스,
13039,Ivory_Knife,Ivory Knife,130,1,2,20,700,Dagger,MainHand,Neutral,50,JC_091,Yes,No,아이보리나이프,
13042,Glorious_Gladius,Glorious Gladius,120,1,0,20,0,Dagger,MainHand,Neutral,80,DaggerUser,Yes,Yes,카마이타치,
13100,Six_Shooter,Six Shooter,30,7,1,4500,400,Handgun,BothHands,Neutral,10,Gunslinger,Yes,No,식스슈터,
13101,Six_Shooter_,Six Shooter,30,7,2,4500,400,Handgun,BothHands,Neutral,10,Gunslinger,Yes,No,식스슈터,
13102,Crimson_Bolt,Crimson Bolt,45,7,1,20000,450,Handgun,BothHands,Neutral,35,Gunslinger,Yes,No,크림즌볼트,
13103,Crimson_Bolt_,Crimson Bolt,45,7,2,20000,450,Handgun,BothHands,Neutral,35,Gunslinger,Yes,No,크림즌볼트,
13104,Garrison,Garrison,70,7,1,48000,500,Handgun,BothHands,Neutral,55,Gunslinger,Yes,No,더개리슨,
13105,Garrison_,Garrison,70,7,2,48000,500,Handgun,BothHands,Neutral,55,Gunslinger,Yes,No,더개리슨,
13106,Gold_Lux,Gold Lux,20,7,0,100000,500,Handgun,BothHands,Neutral,12,Gunslinger,Yes,No,골드룩스,
13107,Wasteland's_Outlaw,Wasteland's Outlaw,68,7,2,10000,580,Handgun,BothHands,Neutral,70,Gunslinger,Yes,No,황야의무법자,
13108,Soldier_Pistol,Soldier Pistol,70,7,0,20,0,Handgun,BothHands,Neutral,80,Gunslinger,Yes,Yes,식스슈터,
13110,Glorious_Pistol,Glorious Pistol,80,7,0,20,0,Handgun,BothHands,Neutral,80,Gunslinger,Yes,Yes,골드룩스,
13150,Branch,Branch,50,9,3,3000,500,Rifle,BothHands,Neutral,1,Gunslinger,Yes,No,라이플,
13151,Cyclone,Cyclone,120,9,1,17500,700,Rifle,BothHands,Neutral,24,Gunslinger,Yes,No,더사이클론,
13152,Cyclone_,Cyclone,120,9,2,17500,700,Rifle,BothHands,Neutral,24,Gunslinger,Yes,No,더사이클론,
13153,Dusk,Dusk,150,9,1,23500,750,Rifle,BothHands,Neutral,56,Gunslinger,Yes,No,더스크,
13154,Rolling_Stone,Rolling Stone,135,9,1,12000,900,Shotgun,BothHands,Neutral,14,Gunslinger,Yes,No,싱글샷건,
13155,Black_Rose,Black Rose,180,9,1,32000,900,Shotgun,BothHands,Neutral,35,Gunslinger,Yes,No,더블샷건,
13156,Gate_Keeper,Gate Keeper,210,9,0,56000,1000,Shotgun,BothHands,Neutral,24,Gunslinger,Yes,No,게이트키퍼,
13157,Drifter,Drifter,50,9,1,80000,2300,GatlingGun,BothHands,Neutral,55,Gunslinger,Yes,No,드리프터,
13158,Butcher,Butcher,75,9,0,130000,2500,GatlingGun,BothHands,Neutral,68,Gunslinger,Yes,No,붓쳐,
13159,Butcher_,Butcher,75,9,1,130000,2500,GatlingGun,BothHands,Neutral,68,Gunslinger,Yes,No,붓쳐,
13160,Destroyer,Destroyer,220,9,0,110000,1200,Grenade,BothHands,Neutral,52,Gunslinger,Yes,No,디스트로이어,
13161,Destroyer_,Destroyer,220,9,1,110000,1200,Grenade,BothHands,Neutral,52,Gunslinger,Yes,No,디스트로이어,
13162,Inferno,Inferno,280,9,1,230000,1250,Grenade,BothHands,Neutral,65,Gunslinger,Yes,No,인페르노,
13163,Long_Barrel,Long Barrel,150,9,0,40000,1000,Rifle,BothHands,Neutral,70,Gunslinger,Yes,No,롱바렐,
13164,Long_Barrel_,Long Barrel,150,9,1,40000,1000,Rifle,BothHands,Neutral,70,Gunslinger,Yes,No,롱바렐,
13165,Jungle_Carbine,Jungle Carbine,170,9,0,56000,700,Rifle,BothHands,Neutral,70,Gunslinger,Yes,No,정글카빈,
13166,Jungle_Carbine_,Jungle Carbine,170,9,1,56000,700,Rifle,BothHands,Neutral,70,Gunslinger,Yes,No,정글카빈,
13167,Gate_Keeper-DD,Gate Keeper-DD,200,9,0,72000,1300,Shotgun,BothHands,Neutral,70,Gunslinger,Yes,No,게이트키퍼DD,
13168,Thunder_P,Thunder P,80,9,1,76000,700,Shotgun,BothHands,Neutral,70,Gunslinger,Yes,No,썬더P,
13169,Thunder_P_,Thunder P,80,9,2,76000,700,Shotgun,BothHands,Neutral,70,Gunslinger,Yes,No,썬더P,
13170,Lever_Action_Rifle,Lever Action Rifle,138,9,2,10000,770,Rifle,BothHands,Neutral,70,Gunslinger,Yes,No,레버액션라이플,
13171,Soldier_Rifle,Soldier Rifle,50,9,0,20,0,Rifle,BothHands,Neutral,80,Gunslinger,Yes,Yes,더사이클론,
13172,Soldier_Gatling_Gun,Soldier Gatling Gun,80,9,0,20,0,GatlingGun,BothHands,Neutral,80,Gunslinger,Yes,Yes,드리프터,
13173,Soldier_Shotgun,Soldier Shotgun,100,9,0,20,0,Shotgun,BothHands,Neutral,80,Gunslinger,Yes,Yes,게이트키퍼,
13174,Soldier_Grenade_Launcher,Soldier Grenade Launcher,300,9,0,20,0,Grenade,BothHands,Neutral,80,Gunslinger,Yes,Yes,디스트로이어,
13176,Glorious_Rifle,Glorious Rifle,90,9,0,20,0,Rifle,BothHands,Neutral,80,Gunslinger,Yes,Yes,롱바렐,
13177,Glorious_Gatling_Gun,Glorious Gatling Gun,90,9,0,20,0,GatlingGun,BothHands,Neutral,80,Gunslinger,Yes,Yes,드리프터,
13178,Glorious_Shotgun,Glorious Shotgun,110,9,0,20,0,Shotgun,BothHands,Neutral,80,Gunslinger,Yes,Yes,더블샷건,
13179,Glorious_Grenade_Launcher,Glorious Grenade Launcher,330,9,0,20,0,Grenade,BothHands,Neutral,80,Gunslinger,Yes,Yes,인페르노,
13300,Huuma_Wing_Shuriken,Huuma Wing Shuriken,150,1,0,90000,3000,Shuriken,BothHands,Wind,65,Ninja,Yes,Yes,풍마_편익,
13301,Huuma_Giant_Wheel_Shuriken,Huuma Giant Wheel Shuriken,50,1,3,40000,2500,Shuriken,BothHands,Neutral,42,Ninja,Yes,Yes,풍마_대차륜,
13302,Huuma_Giant_Wheel_Shuriken_,Huuma Giant Wheel Shuriken,50,1,4,40000,2500,Shuriken,BothHands,Neutral,42,Ninja,Yes,Yes,풍마_대차륜,
13303,Huuma_Blaze_Shuriken,Huuma Blaze Shuriken,185,1,0,78000,1500,Shuriken,BothHands,Fire,55,Ninja,Yes,Yes,풍마_열화,
13304,Huuma_of_Calm_Mind,Huuma of Calm Mind,112,1,2,10000,1550,Shuriken,BothHands,Neutral,70,Ninja,Yes,Yes,풍마_명정,
13305,Brave_Huuma,Brave Huuma,55,1,0,20,0,Shuriken,BothHands,Neutral,80,Ninja,Yes,Yes,풍마_대차륜,
13306,Valorous_Huuma,Valorous Huuma,55,1,0,20,0,Shuriken,BothHands,Neutral,80,Ninja,Yes,Yes,풍마_대차륜,
13307,Glorious_Huuma,Glorious Huuma,55,1,0,20,0,Shuriken,BothHands,Neutral,80,Ninja,Yes,Yes,풍마_명정,
13400,Cutlus_,Cutlus,150,1,1,20,900,Sword,MainHand,Neutral,40,SwordUser1stJob,Yes,No,커틀러스,
13404,Platinum_Shotel,Platinum Shotel,130,1,1,10000,1500,Sword,MainHand,Neutral,55,JC_087,Yes,No,백금의쇼텔,
13405,Curved_Sword,Curved Sword,125,1,2,10000,800,Sword,MainHand,Neutral,55,JC_087,Yes,No,연검,
13410,Brave_Blade,Brave Blade,115,1,0,20,0,Sword,MainHand,Neutral,80,SwordUser,Yes,Yes,스타블레이드,
13411,Valorous_Blade,Valorous Blade,115,1,0,20,0,Sword,MainHand,Neutral,80,SwordUser,Yes,Yes,스타블레이드,
13412,Twin_Edge_of_Naght_Sieger,Twin Edge of Naght Sieger,150,1,3,20,1500,Sword,MainHand,Water,75,JC_087,Yes,No,트윈엣지B,13412
13413,Twin_Edge_of_Naght_Sieger_,Twin Edge of Naght Sieger,160,1,3,20,1500,Sword,MainHand,Fire,75,JC_087,Yes,No,트윈엣지R,13413
13414,Elemental_Sword,Elemental Sword,105,1,3,20,1200,Sword,MainHand,Neutral,70,JC_087,Yes,No,엘레멘탈소드,
13416,Glorious_Flamberge,Glorious Flamberge,130,1,0,20,0,Sword,MainHand,Neutral,80,SwordUser,Yes,Yes,프람베르그,
13417,Glorious_Rapier,Glorious Rapier,130,1,0,20,0,Sword,MainHand,Neutral,80,SwordUser,Yes,Yes,레이피어,
13418,Glorious_Holy_Avenger,Glorious Holy Avenger,130,1,0,20,0,Sword,MainHand,Neutral,80,SwordsmanMerchant,Yes,Yes,홀리어벤져,
